image,label
8522515607.jpg,0.510448113208
107505789.jpg,0.5435
9967844514.jpg,0.6525480769230001
2376602512.jpg,0.507920353982
10077468576.jpg,0.7381521739129999
6474704871.jpg,0.5565625
9005613417.jpg,0.637995689655
8562649420.jpg,0.624555084746
5506212777.jpg,0.622295918367
2739038267.jpg,0.774934210526
2931922629.jpg,0.635862068966
9230996141.jpg,0.7510526315789999
4549109010.jpg,0.71125
10609356094.jpg,0.67
6825162524.jpg,0.280378151261
8552550792.jpg,0.46986111111100004
5847946773.jpg,0.43870535714299996
7189264298.jpg,0.798256302521
10911095273.jpg,0.713805309735
8705060352.jpg,0.487631578947
468518360.jpg,0.64880733945
10721124556.jpg,0.584579646018
7163084628.jpg,0.81017699115
6942738260.jpg,0.643947368421
4905609957.jpg,0.47171052631599997
5990072932.jpg,0.617820512821
8877114673.jpg,0.364679487179
5034975248.jpg,0.645408653846
6376701103.jpg,0.607948717949
6147638271.jpg,0.7654861111110001
4524543534.jpg,0.618163716814
8668692139.jpg,0.41725
8041987489.jpg,0.434181415929
7295363820.jpg,0.600441176471
4495910719.jpg,0.45466101694899996
5967167167.jpg,0.6549347826090001
5290105717.jpg,0.17351351351400002
4583125138.jpg,0.711608695652
9767373513.jpg,0.36497706422
9034707954.jpg,0.572302631579
7878410170.jpg,0.418913043478
10241895785.jpg,0.6707366071430001
1429848565.jpg,0.6783256880730001
8250498441.jpg,0.608125
4456369143.jpg,0.6238559322030001
6864569694.jpg,0.658851351351
10265315316.jpg,0.629513888889
5667464271.jpg,0.7411764705880001
7822391242.jpg,0.600441176471
4358436337.jpg,0.6492016806719999
5517472829.jpg,0.757394067797
6419135601.jpg,0.6335625
8132808180.jpg,0.57285046729
5354741393.jpg,0.592847222222
6543370923.jpg,0.649557522124
8214901795.jpg,0.673891509434
2952066894.jpg,0.7027027027030001
3560022258.jpg,0.387683486239
11006895124.jpg,0.6625675675680001
9351387644.jpg,0.844491150442
6142593562.jpg,0.525804347826
2300197705.jpg,0.594736842105
4750416133.jpg,0.656016949153
120328351.jpg,0.39225
6431960911.jpg,0.548142201835
7908624656.jpg,0.821768867925
7331539774.jpg,0.744539473684
5449529114.jpg,0.723804347826
8608282741.jpg,0.7525
9553679433.jpg,0.703883928571
8212033390.jpg,0.700581896552
5700146083.jpg,0.730550458716
10071864114.jpg,0.719090909091
139999071.jpg,0.2568125
5859309993.jpg,0.719358974359
226477214.jpg,0.38575630252099996
4668832694.jpg,0.681213592233
7367414528.jpg,0.524324324324
7795515978.jpg,0.550833333333
79475896.jpg,0.4286875
8311563943.jpg,0.707905405405
1500316824.jpg,0.720955882353
3722476330.jpg,0.625905172414
3606644176.jpg,0.6727500000000001
11245083256.jpg,0.61775
8108709244.jpg,0.710114678899
8650937010.jpg,0.60296875
2428050358.jpg,0.574413793103
6175384810.jpg,0.670793269231
3149433848.jpg,0.154736842105
2973164436.jpg,0.32565217391300005
9406497605.jpg,0.740088495575
31490353.jpg,0.6180818965520001
10079711433.jpg,0.590625
10196228605.jpg,0.638040540541
4278181256.jpg,0.451913043478
8455329161.jpg,0.796129807692
8465545790.jpg,0.624509345794
2365109175.jpg,0.518871681416
4953733701.jpg,0.8231144067799999
7265767786.jpg,0.765845588235
1429120335.jpg,0.595675675676
8346245093.jpg,0.497361111111
11520125355.jpg,0.657477678571
5125398207.jpg,0.672989130435
7092360919.jpg,0.505
3839953318.jpg,0.57281779661
7057320569.jpg,0.701544117647
2477552466.jpg,0.22108108108100002
3026852045.jpg,0.706238317757
8268523027.jpg,0.42986607142899996
10883456586.jpg,0.288793103448
4373225530.jpg,0.6875
6892058753.jpg,0.6885625000000001
9442161547.jpg,0.716144067797
8183741020.jpg,0.666283783784
8317893385.jpg,0.7518125000000001
5912070942.jpg,0.692706422018
7354160932.jpg,0.6783256880730001
8597381500.jpg,0.677568807339
7579386834.jpg,0.565826271186
4289036535.jpg,0.332699115044
4265829347.jpg,0.756183035714
6968409021.jpg,0.566701680672
11522920033.jpg,0.573275862069
8652814108.jpg,0.409
4591422965.jpg,0.764391891892
6079223986.jpg,0.633644067797
6788897458.jpg,0.6953846153850001
8257779790.jpg,0.229533898305
9108357145.jpg,0.45594594594599996
8021456503.jpg,0.727542016807
10762659033.jpg,0.4225
3130211082.jpg,0.767697368421
8377051997.jpg,0.45049107142899997
4525459727.jpg,0.7659999999999999
8502191647.jpg,0.708551401869
8003457683.jpg,0.564763779528
3465087333.jpg,0.35849137931
2421141390.jpg,0.343716216216
11406584295.jpg,0.553310810811
7175697564.jpg,0.71125
8950318830.jpg,0.8037837837840001
11408443745.jpg,0.63475
7445811974.jpg,0.713676470588
8939389375.jpg,0.8033750000000001
4975773859.jpg,0.781964285714
7391355184.jpg,0.775064102564
7913897946.jpg,0.5998026315789999
5602472061.jpg,0.608310810811
356523006.jpg,0.643986486486
11209221046.jpg,0.5875
9482519952.jpg,0.575047169811
4086204414.jpg,0.27625
6040260022.jpg,0.383252427184
2960552821.jpg,0.239565217391
3206690420.jpg,0.566682242991
11270280904.jpg,0.317702702703
3892086124.jpg,0.612928082192
5309326426.jpg,0.710884955752
9000701354.jpg,0.7571261682239999
10089027076.jpg,0.230785714286
8988143845.jpg,0.639336283186
8904864157.jpg,0.6856569343069999
2927008302.jpg,0.5815540540540001
9200093125.jpg,0.62875
8570770544.jpg,0.5924784482759999
4273357838.jpg,0.6425
5265556048.jpg,0.704663865546
8171751224.jpg,0.681538461538
434127863.jpg,0.583080357143
6286044979.jpg,0.663060747664
5619807447.jpg,0.6472935779819999
6280923250.jpg,0.6977370689660001
5416465084.jpg,0.520590551181
8702518420.jpg,0.7695689655169999
6289164461.jpg,0.258223684211
10625988224.jpg,0.668443396226
4961486371.jpg,0.627351694915
6143020134.jpg,0.6852777777779999
8520990466.jpg,0.58092920354
2768178889.jpg,0.426880530973
9094228395.jpg,0.613053097345
8885623781.jpg,0.74125
5952945336.jpg,0.676991525424
8460376605.jpg,0.7878571428569999
6608146543.jpg,0.634861111111
3241749396.jpg,0.585943396226
5628885328.jpg,0.694092920354
5500570132.jpg,0.639855769231
8354529751.jpg,0.6953846153850001
4658471909.jpg,0.292432432432
2113239475.jpg,0.585328947368
8596361580.jpg,0.6640540540540001
5227449110.jpg,0.749726890756
6643932717.jpg,0.301351351351
5180032640.jpg,0.682
9062040259.jpg,0.592435897436
8596963541.jpg,0.42770270270300004
2631446955.jpg,0.79925
11087687983.jpg,0.760889830508
5685134916.jpg,0.636697247706
8599891034.jpg,0.627302631579
9687081006.jpg,0.664701834862
11201160185.jpg,0.623197115385
7974813040.jpg,0.744893617021
156451756.jpg,0.48073529411800003
2615955728.jpg,0.667828947368
6956011813.jpg,0.46034403669699997
3794461596.jpg,0.7104411764709999
8020768393.jpg,0.728191964286
10295875445.jpg,0.625630252101
8710431611.jpg,0.72925
5227846365.jpg,0.385919811321
9916890605.jpg,0.561285046729
5308397567.jpg,0.740389908257
8228733135.jpg,0.599181415929
11260270773.jpg,0.723513513514
7892635308.jpg,0.7045512820509999
5830228003.jpg,0.645555555556
11419816946.jpg,0.7614375
5176288733.jpg,0.7345
2753587179.jpg,0.616850961538
11301386435.jpg,0.7615126050419999
42490373.jpg,0.629461206897
10819132874.jpg,0.757798165138
7470832570.jpg,0.637
4243875190.jpg,0.691949541284
10693826785.jpg,0.532757009346
4162338388.jpg,0.6653738317760001
8123324192.jpg,0.641995412844
4710464067.jpg,0.7339189189190001
10723077086.jpg,0.718529411765
5565514955.jpg,0.45958715596300004
3452963187.jpg,0.253040540541
8507554609.jpg,0.624086956522
5384624254.jpg,0.675593220339
2688019250.jpg,0.528571428571
4504355317.jpg,0.7856542056070001
10737029565.jpg,0.630172413793
5590179803.jpg,0.57475
51433626.jpg,0.40818181818200006
8137649050.jpg,0.691673728814
8228841274.jpg,0.6184375
5856115357.jpg,0.521351351351
6224584485.jpg,0.360046728972
9419183210.jpg,0.69936440678
2231043641.jpg,0.57625
6343807770.jpg,0.6650990099009999
5437634548.jpg,0.5793243243239999
10264984793.jpg,0.6609999999999999
82183009.jpg,0.36131250000000004
8617920561.jpg,0.61247706422
3108798537.jpg,0.563279816514
8637618858.jpg,0.7320714285709999
6979435146.jpg,0.811637168142
7331542456.jpg,0.645691964286
3100238639.jpg,0.555376106195
5602195949.jpg,0.715833333333
7113461019.jpg,0.5150763358780001
5185255513.jpg,0.728125
8427827661.jpg,0.544827586207
5880272825.jpg,0.7574784482760001
2928622708.jpg,0.5562068965520001
6957057987.jpg,0.599836448598
5670774641.jpg,0.669243119266
272411695.jpg,0.152627118644
3669066809.jpg,0.40031512605
8027425918.jpg,0.7509999999999999
10068778516.jpg,0.718782608696
8405979865.jpg,0.52124015748
5977893194.jpg,0.596907894737
2980838635.jpg,0.653648648649
5568534829.jpg,0.583080357143
3809644203.jpg,0.608514150943
3983499964.jpg,0.6715420560750001
5347293716.jpg,0.635183486239
8398239689.jpg,0.564137168142
8179397976.jpg,0.710093457944
215794898.jpg,0.527878151261
2280668053.jpg,0.480907079646
5459372516.jpg,0.6841796875
6030228496.jpg,0.797094594595
7005727843.jpg,0.681049107143
4867994945.jpg,0.21025641025599998
6845434524.jpg,0.741041666667
3711772310.jpg,0.38979729729699997
1807195948.jpg,0.34
5288290650.jpg,0.740818584071
5933359823.jpg,0.533947368421
5513962677.jpg,0.67
8523298395.jpg,0.667620192308
5690945868.jpg,0.749630434783
3697493807.jpg,0.8229094827590001
3976452832.jpg,0.552567567568
6728176335.jpg,0.6693067226889999
7641363622.jpg,0.6608333333330001
7533737270.jpg,0.8123125
4862383971.jpg,0.657547169811
5888106239.jpg,0.7333482142859999
8679754087.jpg,0.550833333333
11436508006.jpg,0.6514375
9429089796.jpg,0.7353125
5711022887.jpg,0.6312608695649999
7893560424.jpg,0.578965517241
2415583702.jpg,0.293156779661
6127342377.jpg,0.35147826087
5803914327.jpg,0.43290540540499994
6748287295.jpg,0.663653846154
8714823724.jpg,0.7131081081080001
10692667386.jpg,0.719033018868
2292384520.jpg,0.669236111111
9919248523.jpg,0.6835
5275524338.jpg,0.748680555556
9544478990.jpg,0.778326086957
7445548804.jpg,0.549655963303
6075825527.jpg,0.623088235294
4252888669.jpg,0.7487155963300001
5768167934.jpg,0.83641025641
8406491085.jpg,0.72625
8451928629.jpg,0.737941176471
9683345746.jpg,0.595460526316
5444850191.jpg,0.67233490566
10027582235.jpg,0.771377118644
6001444866.jpg,0.291470588235
430051470.jpg,0.622857142857
5593028853.jpg,0.618341121495
398551269.jpg,0.487905405405
9941134286.jpg,0.659048672566
6326886913.jpg,0.41061440677999994
5958950790.jpg,0.333067226891
5585956743.jpg,0.624930555556
561215186.jpg,0.634955752212
6845848072.jpg,0.773125
8985551582.jpg,0.429673913043
2713735764.jpg,0.515683453237
3084860790.jpg,0.121850961538
8338842182.jpg,0.672920353982
8417199212.jpg,0.642008928571
4360193081.jpg,0.7282352941179999
5498204974.jpg,0.336886792453
6073381897.jpg,0.731346153846
3922421993.jpg,0.720416666667
10226277514.jpg,0.43216216216200004
2448776548.jpg,0.5675625
4302524395.jpg,0.425306122449
6469192803.jpg,0.320848214286
8253280616.jpg,0.617570093458
496162577.jpg,0.453163716814
5142391146.jpg,0.484894957983
5588234773.jpg,0.253644859813
6793966090.jpg,0.6315
9258059092.jpg,0.7104617834389999
4689159899.jpg,0.272697368421
8259404043.jpg,0.7465
4187182991.jpg,0.469343220339
5403603296.jpg,0.7441743119269999
4548596684.jpg,0.570707964602
4689181626.jpg,0.497791262136
5673447503.jpg,0.598853211009
8347284037.jpg,0.579809322034
11522984926.jpg,0.443826530612
8860399629.jpg,0.426730769231
6050570749.jpg,0.455909090909
5174677992.jpg,0.478456521739
6306859998.jpg,0.723625
9433458685.jpg,0.7025840336129999
3482375790.jpg,0.6204999999999999
4940996206.jpg,0.690067567568
5794758875.jpg,0.495508849558
9353536560.jpg,0.595614754098
6652263581.jpg,0.495987394958
6703759327.jpg,0.667642857143
5824082232.jpg,0.48025
3847022878.jpg,0.66475
9505522131.jpg,0.665769230769
7914714726.jpg,0.769717391304
8492640738.jpg,0.538970588235
6630214003.jpg,0.727972972973
9401118786.jpg,0.525986842105
7861079240.jpg,0.7056567796609999
7089392359.jpg,0.7183108108109999
4018879156.jpg,0.382867647059
10213881683.jpg,0.371232142857
7051563883.jpg,0.5788913043480001
1296759644.jpg,0.321320754717
414892775.jpg,0.611071428571
1240561841.jpg,0.745508474576
7196174704.jpg,0.561322115385
5592040758.jpg,0.691673728814
8321981131.jpg,0.596261061947
7841962592.jpg,0.690442477876
9049275396.jpg,0.688
4157689684.jpg,0.471415929204
3106852276.jpg,0.724481132075
8020716606.jpg,0.7327564102559999
5960283649.jpg,0.43762500000000004
9680493700.jpg,0.220995575221
5828251146.jpg,0.561322115385
4952399474.jpg,0.598260869565
4107362083.jpg,0.8075
9036022986.jpg,0.6845588235290001
8393175128.jpg,0.689324324324
5681785926.jpg,0.61988317757
5683735781.jpg,0.6098728813559999
4130373740.jpg,0.559742990654
2951329736.jpg,0.740818584071
7520058110.jpg,0.6495642201830001
8710250301.jpg,0.701003184713
1565882132.jpg,0.43587837837800003
9365989820.jpg,0.552476415094
7640299878.jpg,0.6856081081080001
10265809113.jpg,0.7377678571430001
7222733996.jpg,0.769
5999140032.jpg,0.437920560748
2431828879.jpg,0.544516806723
4529654985.jpg,0.321822033898
457397602.jpg,0.47360619469
5926348208.jpg,0.591183035714
6343064519.jpg,0.776180555556
8387487827.jpg,0.650588235294
7555880012.jpg,0.475796460177
7668828488.jpg,0.70675
5129172.jpg,0.185399159664
3093435000.jpg,0.7344747899159999
136287514.jpg,0.2279375
3840546727.jpg,0.528571428571
3577744786.jpg,0.270526315789
6337822588.jpg,0.47910583941600005
4685744038.jpg,0.753199152542
5158869275.jpg,0.5097292993629999
8242811234.jpg,0.663944954128
4178406108.jpg,0.322125
6366586615.jpg,0.38693965517199996
3052939128.jpg,0.731875
9733980007.jpg,0.43649553571399996
7744113492.jpg,0.521205357143
5511925995.jpg,0.731525423729
468764619.jpg,0.586065217391
6711319143.jpg,0.745625
9324654543.jpg,0.61456
6930075142.jpg,0.512208737864
3120415423.jpg,0.604545454545
7946380974.jpg,0.6799305555559999
34713269.jpg,0.34
1289162225.jpg,0.621470588235
5891437045.jpg,0.618055555556
7613152858.jpg,0.739241071429
3609983548.jpg,0.626148648649
2656455723.jpg,0.480818965517
1494601659.jpg,0.31048165137600003
8620919369.jpg,0.42073214285699995
9249869281.jpg,0.195817757009
8356375190.jpg,0.78631147541
7780172596.jpg,0.738082524272
8325420861.jpg,0.685894495413
7705365342.jpg,0.6165277777779999
4819847439.jpg,0.285743243243
3962244093.jpg,0.6707710280370001
9538674147.jpg,0.45655963302799996
6158806771.jpg,0.168008474576
629401204.jpg,0.437058823529
2376113642.jpg,0.316959459459
8353492181.jpg,0.299449152542
7297259404.jpg,0.6417567567570001
304760277.jpg,0.742660550459
10856757.jpg,0.322954545455
5651460875.jpg,0.6965178571430001
4127400247.jpg,0.470721830986
2138715193.jpg,0.53425
4244935320.jpg,0.641575630252
10258169584.jpg,0.572302631579
3378003631.jpg,0.631129807692
1392405539.jpg,0.607524271845
6530075543.jpg,0.812640186916
3505262206.jpg,0.504269911504
5316693478.jpg,0.583157894737
4026925102.jpg,0.6582142857140001
2142428164.jpg,0.740088495575
6746049049.jpg,0.620777310924
5053500577.jpg,0.651584821429
6537249483.jpg,0.753217391304
7393631040.jpg,0.7574358974359999
4696097531.jpg,0.643567961165
5036262446.jpg,0.6823364485979999
9344542617.jpg,0.309237288136
7328195954.jpg,0.7216521739130001
7013076503.jpg,0.64375
8380369304.jpg,0.36924999999999997
4265877256.jpg,0.502268211921
3649082846.jpg,0.5325
5197644731.jpg,0.56570754717
5014526130.jpg,0.6991541353380001
6696763655.jpg,0.474799107143
9758297555.jpg,0.5420871559630001
9264744599.jpg,0.641526548673
5895477446.jpg,0.75775
4743492963.jpg,0.40887614678900003
4299510764.jpg,0.678761061947
9439902792.jpg,0.7595714285709999
6927744497.jpg,0.8184999999999999
5076506.jpg,0.733088235294
4376675146.jpg,0.386169724771
7569119428.jpg,0.6858124999999999
3965556653.jpg,0.5725
5720139957.jpg,0.543014705882
6272882973.jpg,0.538846153846
6102774302.jpg,0.581260504202
6800703361.jpg,0.7053571428569999
5561303733.jpg,0.348561320755
11054955216.jpg,0.3675
7999779242.jpg,0.69475
7924366.jpg,0.104978991597
5153880006.jpg,0.7493571428570001
5107763844.jpg,0.653823529412
8088110789.jpg,0.78796728972
7166012405.jpg,0.584527027027
9710495757.jpg,0.8072429906540001
7173197243.jpg,0.753886554622
435823507.jpg,0.680760869565
8159044184.jpg,0.633092105263
3261536707.jpg,0.318663793103
6437207759.jpg,0.745133928571
6256829619.jpg,0.786507633588
2780719978.jpg,0.599842519685
6183915148.jpg,0.360067567568
2489209226.jpg,0.548805309735
10787038944.jpg,0.604978813559
23371433.jpg,0.435192307692
8539554428.jpg,0.704314159292
5298580335.jpg,0.471074766355
10631219374.jpg,0.7171428571430001
1316239068.jpg,0.616165254237
8136167992.jpg,0.632219626168
18238731.jpg,0.211666666667
7505379000.jpg,0.550128205128
7748906306.jpg,0.70238317757
381148704.jpg,0.574430693069
6251689254.jpg,0.44425
9362014571.jpg,0.454782608696
8207139364.jpg,0.461857798165
7570426860.jpg,0.730127118644
10866561184.jpg,0.773304347826
7365538478.jpg,0.750290178571
9016164225.jpg,0.695826086957
5436025882.jpg,0.650256410256
6617738113.jpg,0.50630952381
8529705971.jpg,0.757610619469
5235250770.jpg,0.6589508928569999
5564762599.jpg,0.77732300885
5966778623.jpg,0.3625
9249859612.jpg,0.6790825688069999
298392087.jpg,0.642242990654
7004286982.jpg,0.7771169354840001
4167140049.jpg,0.601123853211
9175070760.jpg,0.594932432432
10186832194.jpg,0.575818584071
8021353022.jpg,0.749553571429
3158018696.jpg,0.345546218487
6305573914.jpg,0.537715517241
8623527706.jpg,0.540961538462
6052980564.jpg,0.6873319327730001
4345842908.jpg,0.5727678571429999
7163375274.jpg,0.701674107143
6194607609.jpg,0.7614375
5447010296.jpg,0.568276699029
8428991513.jpg,0.311551724138
7485150056.jpg,0.619
10009096245.jpg,0.7724375000000001
3680743288.jpg,0.346292372881
7823939538.jpg,0.748913043478
10689722684.jpg,0.7614375
324220404.jpg,0.626100917431
4222055381.jpg,0.570694444444
5195745450.jpg,0.564036697248
7605930400.jpg,0.736933962264
5939994525.jpg,0.421776315789
5481249377.jpg,0.362878151261
8072879274.jpg,0.712345132743
8481265200.jpg,0.703970588235
2908299910.jpg,0.47702173913
10344523015.jpg,0.525263157895
6016351794.jpg,0.704258474576
4357293162.jpg,0.714745762712
7977665407.jpg,0.27760504201700004
4360105019.jpg,0.294652317881
4733042196.jpg,0.736282051282
7614530994.jpg,0.794486607143
3141860810.jpg,0.72671875
4374263037.jpg,0.616964285714
9102604497.jpg,0.418608490566
4178645830.jpg,0.691673728814
8471068172.jpg,0.607243589744
2726553628.jpg,0.644891304348
4693844054.jpg,0.561527777778
7355344734.jpg,0.762899159664
3020768905.jpg,0.6901377952759999
5866763424.jpg,0.7332056451610001
5068225832.jpg,0.5450367647059999
10783395635.jpg,0.7199159663870001
7144832397.jpg,0.686351351351
8627391076.jpg,0.7279950495049999
8429377035.jpg,0.542754237288
8177148898.jpg,0.616
6480739257.jpg,0.4946875
4163479239.jpg,0.42903465346499997
4996581735.jpg,0.786470588235
7665609968.jpg,0.693881578947
4889658118.jpg,0.7171428571430001
6926235386.jpg,0.6204999999999999
9724373732.jpg,0.658541666667
8585320404.jpg,0.6685398230090001
3861673008.jpg,0.327184466019
4047658369.jpg,0.648
7179446780.jpg,0.690220588235
8905578199.jpg,0.771482300885
2519235976.jpg,0.312766990291
9416795305.jpg,0.7431739130430001
3638870308.jpg,0.561285046729
3719984050.jpg,0.631399082569
8660939599.jpg,0.700841121495
9586652263.jpg,0.7495270270269999
3108925603.jpg,0.7153378378380001
3973001148.jpg,0.381596638655
8595244033.jpg,0.787638888889
7241141390.jpg,0.222045454545
8232391054.jpg,0.5975434782610001
6340836746.jpg,0.31398648648599997
8517575081.jpg,0.773991596639
9996001596.jpg,0.672190265487
5627315065.jpg,0.738397435897
5195283750.jpg,0.6691911764709999
6110951544.jpg,0.770022123894
7963365940.jpg,0.451703539823
2851510265.jpg,0.631399082569
9240392822.jpg,0.67525
4926447658.jpg,0.5996100917430001
8157117322.jpg,0.796305309735
4306124216.jpg,0.230982142857
5098219464.jpg,0.39060924369699995
87511338.jpg,0.32899999999999996
9669015372.jpg,0.64822
8650041199.jpg,0.745508474576
4253075090.jpg,0.721995798319
4894150529.jpg,0.7604326923079999
10362672006.jpg,0.758189655172
7249502132.jpg,0.6738551401869999
8639759293.jpg,0.7232500000000001
8391854291.jpg,0.49077586206900004
2325353113.jpg,0.145882352941
8121860471.jpg,0.66237394958
3112828024.jpg,0.636697247706
6214101646.jpg,0.603108108108
9814999.jpg,0.477962184874
3178679066.jpg,0.7951724137930001
8867729088.jpg,0.67
4537863241.jpg,0.601378504673
3618474326.jpg,0.6908108108109999
4313852687.jpg,0.703277310924
8451439208.jpg,0.669256756757
5889219072.jpg,0.683871681416
6264153932.jpg,0.406605504587
8872523602.jpg,0.684513888889
8116678978.jpg,0.785353982301
7561653238.jpg,0.714305555556
7342857520.jpg,0.5191216216219999
5921674068.jpg,0.627327586207
6815460393.jpg,0.579789719626
4047293612.jpg,0.68314159292
4617747913.jpg,0.48069196428600003
3071201670.jpg,0.49674999999999997
3312331811.jpg,0.189601769912
7194253160.jpg,0.762162162162
5189469288.jpg,0.32531779661000004
7975750167.jpg,0.71640625
5887175840.jpg,0.34445945945900003
10004473376.jpg,0.773836206897
8354332729.jpg,0.531052631579
11333447674.jpg,0.7699788135590001
10828147985.jpg,0.541184210526
9760551223.jpg,0.6963445378149999
45917867.jpg,0.230474137931
5573453953.jpg,0.559495412844
5551470289.jpg,0.5792499999999999
11118140253.jpg,0.7282352941179999
4367292033.jpg,0.588223684211
3162134277.jpg,0.274485294118
4822674187.jpg,0.556474358974
9588413178.jpg,0.736933962264
6918766149.jpg,0.55225
8731705218.jpg,0.73031512605
10335072144.jpg,0.621610576923
3011247965.jpg,0.552567567568
8732646741.jpg,0.543130252101
7557808298.jpg,0.757610619469
8544556866.jpg,0.65453125
3853359984.jpg,0.614471153846
8866395362.jpg,0.696691176471
6233367790.jpg,0.606422018349
9191266611.jpg,0.706586956522
3102411945.jpg,0.56275
8321029602.jpg,0.6120270270270001
5166736586.jpg,0.792692307692
11438612393.jpg,0.31995327102800003
2649433967.jpg,0.331160714286
4996914779.jpg,0.52525
4495630749.jpg,0.7635
6890677809.jpg,0.8005
2191619969.jpg,0.59575
268066639.jpg,0.541666666667
2298149104.jpg,0.6303066037739999
8737972385.jpg,0.6852777777779999
8611793668.jpg,0.6826923076920001
3051623040.jpg,0.48726635514
4428546636.jpg,0.533170731707
2806740564.jpg,0.7252455357140001
7924068268.jpg,0.7325862068969999
2333476039.jpg,0.209137931034
6513274589.jpg,0.596261061947
6489144861.jpg,0.669256756757
8530273249.jpg,0.578160377358
5628498882.jpg,0.69972972973
1063351510.jpg,0.47115384615399997
7369682094.jpg,0.607586956522
6929188980.jpg,0.708648648649
6561794905.jpg,0.653794642857
6617069623.jpg,0.336413043478
8266041849.jpg,0.681785714286
6725311751.jpg,0.5897297297299999
3898078585.jpg,0.199679487179
4297818651.jpg,0.4125
6160450342.jpg,0.374849137931
10745932825.jpg,0.648846153846
6884968602.jpg,0.362372881356
5848411050.jpg,0.7941216216220001
5422446412.jpg,0.785647321429
6940429128.jpg,0.40225
302681636.jpg,0.535762711864
5402777838.jpg,0.307297297297
2367261033.jpg,0.18317567567600002
3806051518.jpg,0.157591743119
3358754066.jpg,0.40743478260899996
2324511288.jpg,0.37139380531
9339023066.jpg,0.7202857142860001
1026198859.jpg,0.7027155172409999
8194417466.jpg,0.8082432432429999
5257312652.jpg,0.7894285714289999
5209744209.jpg,0.568511904762
5104334034.jpg,0.68375
8593005656.jpg,0.49984375
5122027937.jpg,0.673716216216
7176672187.jpg,0.5933928571429999
8512098446.jpg,0.5661875
5166185394.jpg,0.628
5885686436.jpg,0.711949152542
8412460969.jpg,0.383421052632
7250719968.jpg,0.764514563107
8320909145.jpg,0.604908256881
4890086996.jpg,0.599911504425
4582906874.jpg,0.5485
3850577376.jpg,0.44043478260900004
4837286609.jpg,0.768857758621
8044706176.jpg,0.390769230769
7054855385.jpg,0.38640625
8343118972.jpg,0.743581081081
4263025475.jpg,0.7227702702700001
7994058325.jpg,0.508855140187
8064104833.jpg,0.668526785714
7911339166.jpg,0.722629310345
10017119924.jpg,0.662243589744
5037503230.jpg,0.619390756303
9477685137.jpg,0.661160714286
3311728409.jpg,0.754615384615
9737673243.jpg,0.580291262136
6253185409.jpg,0.47098684210499997
11404463006.jpg,0.541504424779
5064176245.jpg,0.751756756757
4551121129.jpg,0.809173913043
8484679828.jpg,0.6892499999999999
5899300375.jpg,0.39925
6265723593.jpg,0.726216814159
7376214050.jpg,0.38163551401900003
5362095529.jpg,0.753986486486
9249272493.jpg,0.761108695652
7883125264.jpg,0.454410377358
4597162839.jpg,0.747297297297
3456840631.jpg,0.7682142857140001
8090282985.jpg,0.448125
9648319367.jpg,0.6999264705880001
8218739759.jpg,0.710684931507
9324716054.jpg,0.744642857143
8468581524.jpg,0.613783185841
8771756230.jpg,0.221725663717
8732282616.jpg,0.6684134615380001
5153889058.jpg,0.6530769230769999
4195621541.jpg,0.554210526316
5789601551.jpg,0.535663716814
7169652147.jpg,0.649189189189
9346372358.jpg,0.748080357143
149867784.jpg,0.728928571429
5113314470.jpg,0.5575
2293775114.jpg,0.436483050847
5103528737.jpg,0.33189732142899997
3305968848.jpg,0.237064220183
10082923485.jpg,0.532260869565
5269333343.jpg,0.7915000000000001
5884745280.jpg,0.456084070796
5091924028.jpg,0.25830882352900003
7217797182.jpg,0.633419811321
4681329966.jpg,0.725
6766779583.jpg,0.664260869565
3243513416.jpg,0.550195652174
6011182310.jpg,0.304955752212
6310649828.jpg,0.187522321429
2322493147.jpg,0.680951327434
11410644126.jpg,0.636282608696
5457535055.jpg,0.643986486486
5062330348.jpg,0.682195652174
8179614383.jpg,0.5769230769229999
9290273110.jpg,0.47921875
5602088551.jpg,0.672115384615
9712984770.jpg,0.594491525424
8096129179.jpg,0.733577981651
7553660370.jpg,0.566701680672
8607324496.jpg,0.503398058252
8658742127.jpg,0.742543103448
10516786036.jpg,0.7394375
450789020.jpg,0.496824324324
4699352200.jpg,0.719345794393
3467784087.jpg,0.6992499999999999
7903006270.jpg,0.76012605042
2529798721.jpg,0.442942477876
4922576334.jpg,0.6846017699120001
9438332547.jpg,0.786217391304
2953741163.jpg,0.45186440677999995
11554709013.jpg,0.6877336448600001
10115071674.jpg,0.72775
6216628901.jpg,0.8184999999999999
9018209858.jpg,0.434487179487
5385761239.jpg,0.489862385321
7756578200.jpg,0.183030973451
5121622263.jpg,0.716144067797
434815119.jpg,0.22952173912999999
3416752031.jpg,0.685331858407
10372323314.jpg,0.653361344538
8601680123.jpg,0.5325
6237039351.jpg,0.73304245283
6688716327.jpg,0.7555841121500001
9253116202.jpg,0.744716981132
6938775083.jpg,0.500619469027
3994759280.jpg,0.6646028037380001
5247748944.jpg,0.5188655462180001
3462395913.jpg,0.49542410714299995
6046933267.jpg,0.7708333333330001
5212639990.jpg,0.604908256881
5199036142.jpg,0.3104375
6748739885.jpg,0.471029411765
11302087114.jpg,0.655441176471
3273769271.jpg,0.701959459459
562942809.jpg,0.21202755905499998
8528934790.jpg,0.727894736842
143899204.jpg,0.448625
2848415190.jpg,0.726486486486
4615199637.jpg,0.351565420561
4268587808.jpg,0.660198019802
6576363795.jpg,0.317640186916
8661391867.jpg,0.5441875
4321538602.jpg,0.64847826087
49874259.jpg,0.6243181818179999
6818698150.jpg,0.6425
9212037816.jpg,0.712013888889
4298923773.jpg,0.540044247788
8642082647.jpg,0.32535046729
9028566654.jpg,0.710114678899
8645856155.jpg,0.648141025641
1573719804.jpg,0.725
7036262065.jpg,0.717763157895
4288180189.jpg,0.505717391304
9806684784.jpg,0.643243243243
8442013836.jpg,0.46784351145
8033437927.jpg,0.634
5993929800.jpg,0.7996428571430001
2144963177.jpg,0.60296875
9408400121.jpg,0.715756302521
6731073163.jpg,0.6566025641029999
6131345309.jpg,0.695108695652
2974085281.jpg,0.429551282051
494236256.jpg,0.386926605505
8016790601.jpg,0.6860975609759999
6870596537.jpg,0.569084821429
6210494281.jpg,0.597075892857
8209647019.jpg,0.7510526315789999
2670033779.jpg,0.550669642857
5796436033.jpg,0.6074375
11433127464.jpg,0.54109375
3370823326.jpg,0.565401785714
3252078614.jpg,0.4781875
649761301.jpg,0.33607142857100003
4548390935.jpg,0.761261061947
10790803694.jpg,0.738564189189
7992243526.jpg,0.268879310345
4497186913.jpg,0.510110619469
5129204001.jpg,0.549655963303
8231125615.jpg,0.619504310345
9859562873.jpg,0.362834821429
5577299644.jpg,0.520065217391
8567636458.jpg,0.550833333333
5626243539.jpg,0.446592920354
9034987420.jpg,0.176633663366
6253829392.jpg,0.597125
10050349236.jpg,0.309418103448
6904675638.jpg,0.430210280374
6206641810.jpg,0.729867256637
2861346409.jpg,0.625344036697
3973813247.jpg,0.3998125
4576647416.jpg,0.593445945946
5363150332.jpg,0.55203271028
10900020096.jpg,0.693783783784
4688027801.jpg,0.5875
3978837773.jpg,0.6307786885250001
5987384542.jpg,0.8281880733939999
5393136028.jpg,0.55140625
156015117.jpg,0.620777310924
8178464033.jpg,0.7591294642859999
8073301888.jpg,0.647565789474
6512960549.jpg,0.658620689655
8604870622.jpg,0.753230088496
2285789022.jpg,0.516
6272061393.jpg,0.7368918918919999
9583278733.jpg,0.7460546875
5831366691.jpg,0.5902499999999999
2786566950.jpg,0.312268907563
9549652790.jpg,0.745508474576
9977191265.jpg,0.744716981132
7493136824.jpg,0.31757281553399996
3916915691.jpg,0.509583333333
7838423662.jpg,0.659778761062
4578563691.jpg,0.6965178571430001
4418637804.jpg,0.7012162162159999
8532727626.jpg,0.704663865546
7846766204.jpg,0.7642857142859999
3364722083.jpg,0.445334821429
8568057395.jpg,0.593792372881
9770742411.jpg,0.706
451764144.jpg,0.637139830508
6523676619.jpg,0.564036697248
9121896285.jpg,0.576351351351
6036947560.jpg,0.785353982301
4935990245.jpg,0.573621495327
6153807982.jpg,0.667053571429
5869591890.jpg,0.702860169492
8158344434.jpg,0.7242763157890001
5884690824.jpg,0.641526548673
8610015449.jpg,0.6977500000000001
5740000928.jpg,0.6901050420170001
5884382109.jpg,0.631217948718
322036819.jpg,0.36242718446600003
3587076357.jpg,0.629108695652
4411055719.jpg,0.241163366337
5133576528.jpg,0.396037735849
7934073070.jpg,0.530984251969
6160448268.jpg,0.44680803571399996
3653350159.jpg,0.763617021277
3635405613.jpg,0.520608108108
154603426.jpg,0.64
5578143578.jpg,0.72443877551
9122758028.jpg,0.7591532258060001
8221139072.jpg,0.72641025641
4750521580.jpg,0.8104086538459999
3511207085.jpg,0.7087820512819999
6989772902.jpg,0.127457627119
3770559253.jpg,0.551261682243
7110105161.jpg,0.47098684210499997
9605307671.jpg,0.686205357143
5024762120.jpg,0.762162162162
3510063780.jpg,0.46052173913
6006544496.jpg,0.491973684211
5114869072.jpg,0.745133928571
6308697965.jpg,0.578965517241
8195491375.jpg,0.506513761468
10683218616.jpg,0.6943913043480001
5459231907.jpg,0.736
7906332480.jpg,0.652
322245825.jpg,0.585229357798
5659520017.jpg,0.512710280374
9923517944.jpg,0.551843220339
7785216770.jpg,0.59875
3159188052.jpg,0.40724789916
9281657562.jpg,0.7200892857140001
8556730555.jpg,0.585186915888
5756343761.jpg,0.757702702703
11389330254.jpg,0.640535714286
10690294454.jpg,0.725
3365417061.jpg,0.514326086957
6177663697.jpg,0.68525210084
5948128813.jpg,0.72954887218
10415631353.jpg,0.430819327731
10635160054.jpg,0.6970491803279999
5514988242.jpg,0.625958646617
4429141481.jpg,0.718529411765
8351568109.jpg,0.614043478261
4287953710.jpg,0.5153125
6635887941.jpg,0.620353982301
5923067948.jpg,0.722629310345
10745415703.jpg,0.691388888889
8416061748.jpg,0.72625
5416851305.jpg,0.46825000000000006
7165207702.jpg,0.675945945946
10589450596.jpg,0.6457738095240001
2149719899.jpg,0.381621621622
10614052044.jpg,0.746207627119
2422172125.jpg,0.346875
357452255.jpg,0.26334070796500003
5466371904.jpg,0.8535625
10125013364.jpg,0.312711538462
5914426709.jpg,0.648050458716
3308046325.jpg,0.49848684210499994
2528064728.jpg,0.57325
5333075930.jpg,0.70975
5129872416.jpg,0.6721710526319999
5305142351.jpg,0.719646017699
19502065.jpg,0.050897435897400006
8617343673.jpg,0.7642857142859999
5977841815.jpg,0.825673913043
8230450365.jpg,0.592948113208
4696642475.jpg,0.683865546218
9264499657.jpg,0.182960526316
375446021.jpg,0.482165178571
7272392080.jpg,0.7525
10603218265.jpg,0.718616071429
6906948754.jpg,0.725486725664
6344257116.jpg,0.725
3530563948.jpg,0.53297826087
5685877023.jpg,0.527098214286
2159705303.jpg,0.433549107143
8668135949.jpg,0.533986486486
3295438012.jpg,0.431991150442
3235296899.jpg,0.602881355932
5631740117.jpg,0.772212389381
9684211981.jpg,0.757352941176
6508138341.jpg,0.157065217391
8391500206.jpg,0.462635135135
9665243526.jpg,0.715833333333
11078122366.jpg,0.69972972973
3146365512.jpg,0.792654867257
3114317948.jpg,0.592897196262
9327697070.jpg,0.683871681416
2304159288.jpg,0.548741610738
3017896883.jpg,0.20995762711899998
5724656586.jpg,0.651281512605
5420375203.jpg,0.7423820754720001
11126652126.jpg,0.566485849057
4016398417.jpg,0.612544642857
3124199543.jpg,0.23531512605
4931966065.jpg,0.490441176471
4670590256.jpg,0.591959459459
10895044423.jpg,0.32474789915999996
109825878.jpg,0.37231250000000005
313424539.jpg,0.7510526315789999
7492007796.jpg,0.530553097345
7192501662.jpg,0.6775
5730689688.jpg,0.72268907563
6943468904.jpg,0.373141025641
5577977748.jpg,0.282884615385
8464327703.jpg,0.6940625
10660620125.jpg,0.737898230088
5740846112.jpg,0.558035714286
4960147659.jpg,0.4225
9389671360.jpg,0.46375
3376076568.jpg,0.5696249999999999
9646156379.jpg,0.718440366972
5212354067.jpg,0.371935483871
6628327223.jpg,0.7166981132079999
9795395745.jpg,0.601378504673
8910371075.jpg,0.747958715596
6880980024.jpg,0.297163461538
4515471665.jpg,0.6543534482760001
5820186062.jpg,0.552836134454
338924292.jpg,0.32317961165
9284536346.jpg,0.682478991597
4282135501.jpg,0.569247787611
6346260646.jpg,0.5739870689659999
11264048414.jpg,0.20871739130400002
5205821036.jpg,0.421769911504
2818844013.jpg,0.7104716981129999
6012494248.jpg,0.329882075472
208949930.jpg,0.726848739496
5434982423.jpg,0.380684931507
5594109805.jpg,0.740389908257
2366273919.jpg,0.295066964286
3818998606.jpg,0.634847826087
11163249414.jpg,0.679611650485
9742193422.jpg,0.762205882353
3693087386.jpg,0.440665137615
8930562482.jpg,0.65535046729
2562592972.jpg,0.33075431034499997
6956670735.jpg,0.551824324324
6205007970.jpg,0.661238938053
6842318096.jpg,0.6658750000000001
5082407583.jpg,0.566592465753
3405525198.jpg,0.34211538461499996
8365545870.jpg,0.741680327869
8884240572.jpg,0.7176834862389999
4309440479.jpg,0.5875
5137508075.jpg,0.60775
475853335.jpg,0.291875
8343579007.jpg,0.614043478261
9262147694.jpg,0.5521428571429999
7900303150.jpg,0.341486486486
7384140824.jpg,0.8107352941179999
6974731766.jpg,0.353995535714
7841859142.jpg,0.6095544554460001
5354173860.jpg,0.753139534884
8975860650.jpg,0.844956896552
9183486925.jpg,0.275592105263
4883647933.jpg,0.595889830508
8179375247.jpg,0.803455882353
9346378862.jpg,0.723035714286
409233389.jpg,0.46057692307700004
8342894979.jpg,0.490398230088
8269777387.jpg,0.546642857143
9332533553.jpg,0.618158783784
8066534702.jpg,0.618716216216
3829660645.jpg,0.560462184874
2223255997.jpg,0.46825000000000006
1367218588.jpg,0.293156779661
6810820079.jpg,0.7469067796609999
7337709978.jpg,0.637139830508
2975238945.jpg,0.7179487179490001
5398610144.jpg,0.561037735849
2063421762.jpg,0.348102678571
499095228.jpg,0.8198623853210001
2639149999.jpg,0.6800233644860001
8176025549.jpg,0.7675
7582497202.jpg,0.6595
11446005074.jpg,0.77468487395
8020739978.jpg,0.708303571429
11058112996.jpg,0.335540540541
9496541245.jpg,0.649375
5209944633.jpg,0.36967105263199995
6907897085.jpg,0.734254807692
10020891105.jpg,0.568297413793
2465673065.jpg,0.39373853211
4631640521.jpg,0.737168141593
2764419323.jpg,0.564230769231
4681215652.jpg,0.6646028037380001
10226524916.jpg,0.206216216216
3567892894.jpg,0.6522198275860001
2807762234.jpg,0.704663865546
4228738752.jpg,0.722027027027
5657622409.jpg,0.6824528301889999
6803244763.jpg,0.734977876106
5904230612.jpg,0.709040178571
10692654005.jpg,0.682
8179500414.jpg,0.78854368932
5544109408.jpg,0.59072265625
7593868958.jpg,0.640972222222
7934781744.jpg,0.631546610169
5186117445.jpg,0.287601351351
8362126677.jpg,0.6499324324319999
6622105827.jpg,0.7832627118640001
5955821366.jpg,0.636029411765
5825939601.jpg,0.7871205357140001
344443695.jpg,0.512910958904
3248930020.jpg,0.563279816514
3589240869.jpg,0.688922018349
5464134286.jpg,0.560252293578
6154682169.jpg,0.57175
8407650196.jpg,0.607142857143
5974147290.jpg,0.23148648648599998
53065971.jpg,0.23582627118600002
3592827455.jpg,0.6450943396229999
5561556380.jpg,0.599911504425
9284861098.jpg,0.687678571429
7525406860.jpg,0.595190677966
9484887965.jpg,0.547364864865
2824866912.jpg,0.629826086957
4337515200.jpg,0.643685344828
6728215257.jpg,0.649724576271
2852488757.jpg,0.714594594595
7084961757.jpg,0.6420217391299999
6663294041.jpg,0.578815789474
4513142635.jpg,0.423973214286
6143633711.jpg,0.6596875
4036944943.jpg,0.80134
4042987026.jpg,0.2685
4270574025.jpg,0.39175
5914304035.jpg,0.588986486486
774152136.jpg,0.547836538462
9805144264.jpg,0.550141509434
3918838221.jpg,0.34634615384600004
3908866899.jpg,0.382777777778
2949029930.jpg,0.344375
8848421856.jpg,0.561155462185
4941076531.jpg,0.6387068965520001
8587794241.jpg,0.547028301887
2833148596.jpg,0.653782051282
8002007313.jpg,0.751714285714
6937719329.jpg,0.687794117647
2698401109.jpg,0.7652500000000001
4359682859.jpg,0.781913043478
1357295757.jpg,0.708181818182
9687603044.jpg,0.38935267857100003
7301944302.jpg,0.65535046729
8058467090.jpg,0.3835
7802695886.jpg,0.7511363636359999
5671581323.jpg,0.740277777778
6248527465.jpg,0.756391509434
6874966846.jpg,0.715265486726
5896106502.jpg,0.742794117647
5881048001.jpg,0.64391025641
8751106130.jpg,0.713454198473
4694563082.jpg,0.698665254237
5952977231.jpg,0.671527777778
7082408177.jpg,0.499701834862
6874497596.jpg,0.417201834862
9651547204.jpg,0.448513513514
8095635777.jpg,0.5536160714289999
8816975901.jpg,0.611071428571
3138088232.jpg,0.647640186916
3329470769.jpg,0.555875
4520380552.jpg,0.553940677966
2839454152.jpg,0.339294871795
4182412787.jpg,0.222542372881
8247215463.jpg,0.70546728972
5069309990.jpg,0.227828947368
4463196857.jpg,0.311526548673
7850123296.jpg,0.544322429907
11477250346.jpg,0.770022123894
5217952997.jpg,0.660294117647
6905163828.jpg,0.7259821428569999
10921880365.jpg,0.6850652173909999
2602273170.jpg,0.453737864078
8077318332.jpg,0.522217391304
4335627943.jpg,0.6165277777779999
5249052587.jpg,0.576313559322
10241630856.jpg,0.636573275862
8724954192.jpg,0.436483050847
3780702032.jpg,0.709357798165
3750920837.jpg,0.316650943396
6849285524.jpg,0.27275210084
7627340946.jpg,0.107881355932
426656293.jpg,0.47773913043500005
2916069086.jpg,0.7052564102559999
6366296433.jpg,0.6679025423730001
4961168084.jpg,0.7341666666669999
4635702029.jpg,0.678918918919
4637538714.jpg,0.2389375
4300118450.jpg,0.713948598131
2734143216.jpg,0.6873319327730001
6206537563.jpg,0.40789823008799997
7179150708.jpg,0.63475
5613119527.jpg,0.426694915254
9618688199.jpg,0.6482894736839999
5421157000.jpg,0.5234151785710001
4885242381.jpg,0.6410135135139999
4199130600.jpg,0.713421052632
7005951474.jpg,0.455647321429
5632060967.jpg,0.654487179487
8351013561.jpg,0.526858974359
3637251050.jpg,0.490619266055
8716882404.jpg,0.692834821429
8256049516.jpg,0.63108490566
9615940305.jpg,0.6910141509429999
8329986781.jpg,0.638974358974
10041870415.jpg,0.6642105263160001
8345496530.jpg,0.728716216216
5190675640.jpg,0.6881779661020001
6008267730.jpg,0.3125
7710868262.jpg,0.533947368421
4922516594.jpg,0.44033783783799996
3552766173.jpg,0.7230869565220001
2539083530.jpg,0.536959459459
4258180825.jpg,0.635741525424
160999577.jpg,0.305909090909
7756416864.jpg,0.37020089285700003
8299135149.jpg,0.654875
5446650089.jpg,0.607935779817
2916773975.jpg,0.683616504854
539361542.jpg,0.741831896552
8054439590.jpg,0.37384615384600006
5854130158.jpg,0.60125
2363717244.jpg,0.755296610169
4100096331.jpg,0.185405405405
9639418449.jpg,0.6929565217389999
4193794378.jpg,0.11402173913000001
6144690260.jpg,0.764399038462
3491534419.jpg,0.634
8009325601.jpg,0.746153846154
6279173860.jpg,0.573628318584
4353658003.jpg,0.1509375
9069849690.jpg,0.636852678571
9301174145.jpg,0.652
7006026095.jpg,0.600607476636
11519797605.jpg,0.7291249999999999
4483042022.jpg,0.657364864865
6776603937.jpg,0.667401574803
5263912639.jpg,0.231216814159
43749901.jpg,0.373559322034
8090361774.jpg,0.359861111111
2250728053.jpg,0.7661238532110001
8073500928.jpg,0.5036016949150001
8050953362.jpg,0.729879032258
3928559890.jpg,0.6331696428570001
4622900651.jpg,0.6669724770640001
144272742.jpg,0.2416875
10539142034.jpg,0.7818092105259999
8647121069.jpg,0.689913793103
11523093675.jpg,0.7309782608700001
8212301132.jpg,0.548214285714
62049415.jpg,0.449525862069
7734376776.jpg,0.727542016807
6712830935.jpg,0.835
3894915205.jpg,0.7274155405410001
7981733981.jpg,0.358877118644
8645679476.jpg,0.789804347826
2608308562.jpg,0.681785714286
2990600386.jpg,0.542234513274
6803864259.jpg,0.626
10843403305.jpg,0.699299065421
8232299487.jpg,0.487477876106
8249630967.jpg,0.602831858407
8520265759.jpg,0.528362831858
45015821.jpg,0.23932203389800003
10579282866.jpg,0.633181818182
4007753969.jpg,0.64108974359
3533949779.jpg,0.636415929204
372117089.jpg,0.6707173913040001
4525361026.jpg,0.658894230769
7358753494.jpg,0.541504424779
5177150402.jpg,0.416029411765
6372460147.jpg,0.6582142857140001
4489064763.jpg,0.643509174312
6209362711.jpg,0.7015
2221745311.jpg,0.39110619469
8373449722.jpg,0.6117647058819999
6596306.jpg,0.406282051282
8653149698.jpg,0.6253125
8474312023.jpg,0.685921052632
2318824279.jpg,0.609173728814
4926787829.jpg,0.5519396551719999
7448606010.jpg,0.505
3026154930.jpg,0.5661875
7135099747.jpg,0.7562844036699999
5941719690.jpg,0.68125
6127748837.jpg,0.679491150442
6430851513.jpg,0.38575000000000004
4384734404.jpg,0.35400943396199996
9405444471.jpg,0.691361607143
9072958869.jpg,0.718714285714
7978282630.jpg,0.509852941176
2871570084.jpg,0.659600840336
4605755313.jpg,0.49288990825699996
9209619689.jpg,0.6820905172409999
9265763356.jpg,0.524712389381
5771887382.jpg,0.26096638655500004
10534454676.jpg,0.710891304348
5692807668.jpg,0.380891304348
8208757707.jpg,0.455926724138
8443782912.jpg,0.649375
2235352888.jpg,0.705774336283
4982617348.jpg,0.567453271028
7325916584.jpg,0.7586682242989999
3743649571.jpg,0.617018348624
8519367340.jpg,0.672209821429
8580729000.jpg,0.751743119266
2060529660.jpg,0.43245689655200004
5382638405.jpg,0.44858974359000003
6993655335.jpg,0.793378378378
6163563949.jpg,0.7202500000000001
4154530402.jpg,0.5325
7169239087.jpg,0.795148305085
6899882301.jpg,0.5134615384619999
8690378205.jpg,0.7046205357140001
7484588674.jpg,0.681891891892
5189402195.jpg,0.505
8282948203.jpg,0.5275
4880270138.jpg,0.660673913043
4098700616.jpg,0.6558974358970001
2836089223.jpg,0.39615546218500003
1812202754.jpg,0.784661016949
4738960229.jpg,0.32725000000000004
5447567442.jpg,0.663125
8289927707.jpg,0.6610810810809999
9032729328.jpg,0.5420550847460001
7004557180.jpg,0.69972972973
5690961665.jpg,0.769151376147
5876691783.jpg,0.7480405405410001
5671296107.jpg,0.525067567568
4054847919.jpg,0.769951923077
6621080809.jpg,0.479615384615
145517507.jpg,0.41356250000000006
9450353504.jpg,0.370853658537
10819329365.jpg,0.599911504425
5193876375.jpg,0.387650862069
6118739597.jpg,0.4809375
3993808694.jpg,0.40875
7202630536.jpg,0.668526785714
7102475637.jpg,0.617972972973
460276399.jpg,0.648097345133
5115371206.jpg,0.573119266055
5270848965.jpg,0.67515625
4549687373.jpg,0.607948717949
8601119886.jpg,0.6685775862069999
4371356797.jpg,0.493409090909
5060270217.jpg,0.5924784482759999
6799140939.jpg,0.607935779817
4651317050.jpg,0.39684873949599997
3189407345.jpg,0.345945945946
3608691305.jpg,0.598549107143
149836125.jpg,0.46756302521000004
4683130999.jpg,0.6365330188680001
6854146276.jpg,0.7310817307690001
8986464809.jpg,0.814375
8503871115.jpg,0.604868421053
2488865108.jpg,0.668625
3970268650.jpg,0.6995183486240001
5018846919.jpg,0.474158878505
6681716765.jpg,0.699870689655
7169475537.jpg,0.826189320388
6777036983.jpg,0.7852027027030001
4986510349.jpg,0.21415254237300002
6853001361.jpg,0.751763392857
1375320148.jpg,0.5515
11260247205.jpg,0.747389380531
4311062470.jpg,0.645394736842
7935628474.jpg,0.771377118644
6759678037.jpg,0.08418067226890001
5253482286.jpg,0.5854201680669999
5936087565.jpg,0.58825
3976883946.jpg,0.565265957447
5468605223.jpg,0.6315
7085413157.jpg,0.6499324324319999
8066151099.jpg,0.575512820513
5529240672.jpg,0.604441964286
5038562159.jpg,0.7583928571430001
9166911645.jpg,0.614294871795
138750201.jpg,0.5634375
6850513360.jpg,0.7889137931029999
8942422332.jpg,0.7260091743120001
285149839.jpg,0.42698979591799996
5512214624.jpg,0.360435779817
26847054.jpg,0.586794871795
5288273177.jpg,0.5836084905660001
1387568510.jpg,0.278310810811
425916994.jpg,0.37575000000000003
2517368566.jpg,0.4328125
9714595106.jpg,0.481637168142
531477784.jpg,0.131323529412
6655597997.jpg,0.606702586207
1396109073.jpg,0.634343220339
3825250471.jpg,0.776592920354
6327903295.jpg,0.6797881355929999
5932521378.jpg,0.33861344537800003
8644571098.jpg,0.767364864865
3665983083.jpg,0.781486486486
4735563555.jpg,0.683623853211
3585032307.jpg,0.48457142857100005
10520192995.jpg,0.551630434783
6513828853.jpg,0.19510504201700002
7264968696.jpg,0.708136792453
2208434983.jpg,0.299096638655
10767441335.jpg,0.7420945945949999
4607436163.jpg,0.679088983051
5542509126.jpg,0.739977678571
8498158756.jpg,0.833366336634
10787258285.jpg,0.718940677966
6011443641.jpg,0.271012931034
3619220193.jpg,0.563716216216
3370673214.jpg,0.633581081081
8354855845.jpg,0.674541284404
3310575214.jpg,0.323348623853
10568567754.jpg,0.751782608696
6912813329.jpg,0.7270625
5647243489.jpg,0.563819444444
8688570494.jpg,0.7722435897440001
7188153176.jpg,0.523109756098
7674660830.jpg,0.6813235294119999
6623118287.jpg,0.567678571429
8467715346.jpg,0.6865000000000001
3487701269.jpg,0.695631067961
3021480593.jpg,0.77468487395
9546481286.jpg,0.776808035714
8904883731.jpg,0.7018907563029999
4237536969.jpg,0.7542068965519999
7491939464.jpg,0.568781512605
1529757375.jpg,0.6677500000000001
379437662.jpg,0.686651376147
1947195937.jpg,0.410818584071
2893674566.jpg,0.7349080882350001
2539818768.jpg,0.401707317073
5815446993.jpg,0.621758474576
8423036726.jpg,0.728029661017
7931367844.jpg,0.8216428571429999
3645413545.jpg,0.332633928571
5430572465.jpg,0.699203539823
2481588554.jpg,0.127163865546
3966829877.jpg,0.680760869565
5993869890.jpg,0.756216216216
10980930876.jpg,0.693571428571
7671701194.jpg,0.800625
3047954017.jpg,0.74725
8729158424.jpg,0.7053571428569999
9596892460.jpg,0.797219626168
3128928410.jpg,0.725252293578
8450870263.jpg,0.562972972973
7374960236.jpg,0.5867633928570001
7202661434.jpg,0.6940625
3530486052.jpg,0.776474358974
4256128407.jpg,0.314891304348
8203037764.jpg,0.6775
6202637984.jpg,0.7705
432158024.jpg,0.742543103448
6743243667.jpg,0.765758928571
354153075.jpg,0.41575
7758019722.jpg,0.632306034483
8141906514.jpg,0.583849557522
8644731627.jpg,0.615743243243
3620678223.jpg,0.592041284404
3455219027.jpg,0.307
7339222496.jpg,0.65125
3469199125.jpg,0.498125
5700803236.jpg,0.639724770642
8381849363.jpg,0.728525641026
4673878145.jpg,0.615518867925
3496521334.jpg,0.7829368932040001
2837843986.jpg,0.33667338709699995
281609508.jpg,0.607361111111
7162655.jpg,0.674935897436
8195917264.jpg,0.753986486486
5727908818.jpg,0.532254464286
6705759167.jpg,0.56222972973
2906945782.jpg,0.6239374999999999
7380460592.jpg,0.686638655462
5917296642.jpg,0.275665137615
4407707944.jpg,0.727972972973
6156825791.jpg,0.6603883495149999
6945246052.jpg,0.77535472973
6812098169.jpg,0.7562844036699999
6739930655.jpg,0.594439252336
145089144.jpg,0.19425
8246479044.jpg,0.6391521739129999
137841242.jpg,0.707125
10898689245.jpg,0.641794871795
8292596709.jpg,0.49433189655200005
4261186099.jpg,0.45399999999999996
8670524662.jpg,0.6184375
7574416384.jpg,0.860044642857
9329940580.jpg,0.5095000000000001
5091406011.jpg,0.694527027027
5407907045.jpg,0.481637168142
8256977391.jpg,0.692434210526
5699749992.jpg,0.675689655172
8733519611.jpg,0.707844036697
6963905428.jpg,0.762205882353
5634844318.jpg,0.439622641509
9354878188.jpg,0.7094871794869999
2603439486.jpg,0.554646017699
5397802120.jpg,0.7153378378380001
5329486988.jpg,0.707566964286
4193696727.jpg,0.5616313559320001
5170894682.jpg,0.599911504425
5251074570.jpg,0.5331875
2570828036.jpg,0.701025641026
5660186741.jpg,0.37397058823499996
9034716133.jpg,0.7725467289719999
2650447326.jpg,0.284828125
8230728519.jpg,0.698263888889
5118376207.jpg,0.6505
5219241121.jpg,0.688877118644
3275523745.jpg,0.5753043478259999
11023346856.jpg,0.6215131578950001
122760647.jpg,0.509125
8246184591.jpg,0.5015625
6947149263.jpg,0.470183486239
8086705362.jpg,0.740021008403
296426748.jpg,0.270084745763
4567762490.jpg,0.7327564102559999
5577238906.jpg,0.7217372881359999
8676993848.jpg,0.713851351351
5468768534.jpg,0.6975
5656752407.jpg,0.771869565217
8972898508.jpg,0.28018750000000003
11503076944.jpg,0.79046460177
6295098733.jpg,0.741548672566
7766392832.jpg,0.253849557522
4891468275.jpg,0.777027027027
3535978712.jpg,0.663060747664
517369320.jpg,0.6
5460394455.jpg,0.75765625
5032946224.jpg,0.409915254237
113663782.jpg,0.6755
8491632656.jpg,0.348325688073
11260385706.jpg,0.727115384615
6323869799.jpg,0.6913125
5337216786.jpg,0.66806640625
2150291485.jpg,0.508650442478
6434876963.jpg,0.110022123894
5564570846.jpg,0.72752293578
9578088583.jpg,0.39671875
6469390735.jpg,0.391737288136
5027216651.jpg,0.661897321429
3871801313.jpg,0.506398305085
5267121563.jpg,0.6810924369750001
8503429334.jpg,0.732413043478
5157059497.jpg,0.618961864407
8172599370.jpg,0.634642857143
9844170304.jpg,0.585986238532
4535431418.jpg,0.5128232758619999
6007032209.jpg,0.254033613445
5613166397.jpg,0.385195652174
2323279407.jpg,0.45092436974800004
6994313445.jpg,0.79046460177
6775082758.jpg,0.611071428571
2239201463.jpg,0.682866972477
2444482022.jpg,0.424902912621
5250684478.jpg,0.523
6321219958.jpg,0.648591772152
7107867443.jpg,0.48047297297299996
5222301193.jpg,0.33037500000000003
8734847489.jpg,0.622857142857
8696567124.jpg,0.350405405405
2114240861.jpg,0.52046875
8046864953.jpg,0.681891891892
5544820783.jpg,0.428289473684
10923819485.jpg,0.408275862069
412289790.jpg,0.174263392857
3918280584.jpg,0.603108108108
899304128.jpg,0.639929906542
4887400905.jpg,0.6145
9847211516.jpg,0.621934782609
5884906716.jpg,0.711949152542
2584408449.jpg,0.7635
9731493509.jpg,0.276597222222
239029957.jpg,0.742794117647
5260460290.jpg,0.512366071429
3736336896.jpg,0.49831081081100004
2867718050.jpg,0.3186875
5320573901.jpg,0.317121848739
4619633197.jpg,0.7740540540540001
7902540732.jpg,0.718185840708
4213592284.jpg,0.492364864865
10147970884.jpg,0.7685619469030001
6916511144.jpg,0.7268965517239999
5421015027.jpg,0.660294117647
4046716515.jpg,0.410534351145
5454031554.jpg,0.756319444444
8613815314.jpg,0.630847457627
3736358849.jpg,0.318
6412693303.jpg,0.48380733945000004
3253636665.jpg,0.7779375000000001
8215413789.jpg,0.6542857142859999
3431390099.jpg,0.365553097345
3814668128.jpg,0.5976785714289999
8596901738.jpg,0.343466386555
8488319324.jpg,0.8093965517239999
1302738127.jpg,0.7581410256409999
5752124692.jpg,0.7652500000000001
6018448805.jpg,0.41128640776700004
4902129359.jpg,0.75625
9535634646.jpg,0.6498780487800001
9346802331.jpg,0.4341875
4113685341.jpg,0.0751680672269
5122879673.jpg,0.540357142857
5138080527.jpg,0.647121848739
4042188530.jpg,0.39449541284399997
4837135935.jpg,0.636845794393
8144270233.jpg,0.6967567567570001
6303893419.jpg,0.56570754717
5920168142.jpg,0.775630841121
1929087646.jpg,0.456470588235
4506321902.jpg,0.650357142857
6160253188.jpg,0.290065789474
5571768533.jpg,0.546961206897
4979420600.jpg,0.624662162162
6670935319.jpg,0.542566964286
5174701484.jpg,0.56171875
6808473551.jpg,0.47275
8916793773.jpg,0.736148648649
4233571199.jpg,0.7793125000000001
9642986357.jpg,0.33167431192700003
6065678020.jpg,0.6967567567570001
9547511197.jpg,0.513741721854
9685106937.jpg,0.42174999999999996
8623218161.jpg,0.779760869565
5505340753.jpg,0.46478991596599994
2471109874.jpg,0.18604910714300002
7519024248.jpg,0.702410714286
6226958482.jpg,0.773486842105
3597199001.jpg,0.7133474576269999
656718644.jpg,0.279711538462
8494992418.jpg,0.6900242718449999
8188461365.jpg,0.619459459459
4519546786.jpg,0.5939565217389999
6124674840.jpg,0.6722916666669999
5575661562.jpg,0.756150442478
5871593028.jpg,0.645169902913
11514342335.jpg,0.719646017699
6862989864.jpg,0.756504854369
8642168798.jpg,0.626956521739
9369983914.jpg,0.7045512820509999
9257583469.jpg,0.817430555556
15012954.jpg,0.25891025641
7334526272.jpg,0.693571428571
7678821440.jpg,0.733088235294
6188110673.jpg,0.7510267857140001
2364901003.jpg,0.43584558823499997
8444203927.jpg,0.624625
4037555676.jpg,0.241419491525
11139368236.jpg,0.7052564102559999
4295279371.jpg,0.499260869565
3383701765.jpg,0.656621621622
9910216783.jpg,0.784623893805
3475569667.jpg,0.357023809524
8564299084.jpg,0.63775
5952914370.jpg,0.8634999999999999
6177131907.jpg,0.573152173913
6259163279.jpg,0.40433486238500005
4782504809.jpg,0.696714285714
3618795157.jpg,0.833443396226
7348582056.jpg,0.702860169492
1693839090.jpg,0.220669642857
6858600475.jpg,0.596485148515
9341605084.jpg,0.774598214286
3032057861.jpg,0.669243119266
3827911032.jpg,0.723971962617
3049913075.jpg,0.7121034482759999
8742280365.jpg,0.5793852459019999
6910469420.jpg,0.7157014388490001
9584749572.jpg,0.5803260869569999
4687542962.jpg,0.522217391304
3978652004.jpg,0.522569444444
8195268203.jpg,0.26334070796500003
4789129778.jpg,0.591959459459
3077626117.jpg,0.23531512605
10043785683.jpg,0.712043269231
6128600017.jpg,0.807256637168
82824130.jpg,0.29462499999999997
8501698385.jpg,0.6908108108109999
6640061445.jpg,0.505756880734
3779249317.jpg,0.703717391304
2579041082.jpg,0.635096153846
4965455693.jpg,0.489217391304
11437542656.jpg,0.5760416666670001
2725531194.jpg,0.681785714286
10539008983.jpg,0.710154867257
6131302144.jpg,0.73875
6656935539.jpg,0.179714285714
6267962364.jpg,0.532013274336
18438855.jpg,0.746207627119
8216954885.jpg,0.7629872881359999
9772275331.jpg,0.749679487179
5529999885.jpg,0.610334821429
1792473649.jpg,0.738516949153
3100436628.jpg,0.564036697248
6379014005.jpg,0.447544642857
8556290824.jpg,0.6756067961169999
7627752046.jpg,0.638783783784
8322994549.jpg,0.543600917431
3015139450.jpg,0.479857142857
2191898704.jpg,0.636282608696
5067206886.jpg,0.329103773585
142607218.jpg,0.5586249999999999
2905127622.jpg,0.589
6132687106.jpg,0.761418918919
3739339628.jpg,0.5527631578950001
3828155719.jpg,0.623111510791
3576734927.jpg,0.632433035714
8697765454.jpg,0.38238532110100004
4828896285.jpg,0.758
3129387328.jpg,0.3125
8919875155.jpg,0.49905405405400005
3412359483.jpg,0.679545454545
3148698494.jpg,0.47169724770599997
11143825565.jpg,0.623550420168
5206995557.jpg,0.472297297297
7006279642.jpg,0.536032110092
8404206319.jpg,0.624625
9765112254.jpg,0.590296610169
10397166423.jpg,0.73935840708
4953755434.jpg,0.5845
5901783769.jpg,0.637717391304
4490789851.jpg,0.776188118812
10459022813.jpg,0.7996428571430001
2199234449.jpg,0.452894736842
4277299546.jpg,0.435731132075
8251327289.jpg,0.499260869565
10936496124.jpg,0.591150442478
8529310804.jpg,0.667847826087
4156345687.jpg,0.75193877551
4770991170.jpg,0.60925
7697080640.jpg,0.661610169492
8048106336.jpg,0.710173913043
7172192793.jpg,0.518983050847
4871444135.jpg,0.727972972973
6830281130.jpg,0.761108695652
9479870149.jpg,0.758846153846
25239707.jpg,0.8427564102559999
8321682395.jpg,0.639724770642
474070389.jpg,0.775862831858
10153847086.jpg,0.5923125
9163113923.jpg,0.681681415929
2329115753.jpg,0.517
4995119944.jpg,0.7361556603770001
8329144701.jpg,0.5557110091740001
8201535489.jpg,0.706504424779
2627264031.jpg,0.745810810811
3490456545.jpg,0.38963983050800005
6970549872.jpg,0.639357142857
3486204187.jpg,0.584444444444
8358094625.jpg,0.745810810811
5192051586.jpg,0.542888888889
5709659001.jpg,0.21057339449499998
6708577729.jpg,0.659403669725
7969516070.jpg,0.7003205128209999
4598047073.jpg,0.543453389831
2902284957.jpg,0.7611842105259999
220503608.jpg,0.270672268908
3188292993.jpg,0.779256756757
66839471.jpg,0.637954545455
6352194993.jpg,0.681186440678
2967177700.jpg,0.5248883928570001
4918086314.jpg,0.670693277311
5456329601.jpg,0.613844537815
4275452644.jpg,0.668526785714
7001822108.jpg,0.7510267857140001
8754025405.jpg,0.778326086957
120459577.jpg,0.5140126050420001
244484608.jpg,0.16044117647099998
8862366940.jpg,0.615491071429
1987196687.jpg,0.23600840336099999
976846781.jpg,0.115206422018
3736418288.jpg,0.496674311927
5572898913.jpg,0.22361607142899997
5984121563.jpg,0.195804347826
9038457719.jpg,0.589071428571
8207527983.jpg,0.597523364486
11346267905.jpg,0.728701923077
473881316.jpg,0.16984375
6923520196.jpg,0.3235
1992159390.jpg,0.724756637168
3708879448.jpg,0.595391304348
8456644085.jpg,0.5828738317759999
5097561600.jpg,0.725705128205
10517436165.jpg,0.42465217391300003
484860366.jpg,0.30425
6851326367.jpg,0.438445378151
4295525241.jpg,0.404511278195
4300400521.jpg,0.45475
8120735257.jpg,0.7275943396229999
9687869732.jpg,0.638375
7823568906.jpg,0.703154205607
2761179748.jpg,0.632245762712
11149566996.jpg,0.47397435897400003
6199370121.jpg,0.764695652174
392179845.jpg,0.162482758621
5463929157.jpg,0.406294642857
8534896880.jpg,0.713075221239
1351917139.jpg,0.61025862069
6966682968.jpg,0.516379310345
8108582186.jpg,0.656973684211
8974114251.jpg,0.60275210084
5605845677.jpg,0.462302631579
8550306054.jpg,0.46046460177
2604683646.jpg,0.5837155963299999
9490079439.jpg,0.690625
8654833683.jpg,0.628371559633
9935149655.jpg,0.5367307692309999
4937662029.jpg,0.7104716981129999
2068650026.jpg,0.651928571429
10022844623.jpg,0.60925
3455882031.jpg,0.42178260869600004
6823375889.jpg,0.44331081081100004
2886173632.jpg,0.459509345794
1430765461.jpg,0.528571428571
8755395714.jpg,0.731695652174
8560160557.jpg,0.5744375
11097661494.jpg,0.727171052632
6150431643.jpg,0.5710000000000001
2098594651.jpg,0.214776785714
6835007518.jpg,0.350794392523
5564925519.jpg,0.36221153846199994
8566161884.jpg,0.499159292035
7167608916.jpg,0.6640540540540001
10086300493.jpg,0.6830263157890001
4902504109.jpg,0.227828947368
3948135332.jpg,0.729342105263
8015526971.jpg,0.7677521008399999
9995874256.jpg,0.680951327434
8259557757.jpg,0.6335096153850001
2125272449.jpg,0.470379464286
5748824865.jpg,0.421026785714
7138669275.jpg,0.574121621622
8655538784.jpg,0.21216216216199998
5971260303.jpg,0.604
7102713545.jpg,0.654802631579
6207546656.jpg,0.5307339449540001
3662491369.jpg,0.482121848739
143394138.jpg,0.2994375
11320098306.jpg,0.512236842105
8707676839.jpg,0.486017699115
6015956857.jpg,0.510298165138
272115602.jpg,0.5727678571429999
8733728144.jpg,0.740389908257
5858971250.jpg,0.676932773109
5955805991.jpg,0.765084745763
52196600.jpg,0.538970588235
4808255488.jpg,0.7525
6088697532.jpg,0.555825892857
6633974935.jpg,0.742794117647
8296218747.jpg,0.5725
8496798280.jpg,0.6655405405410001
6439499095.jpg,0.67525
3850107264.jpg,0.561848739496
3783245891.jpg,0.525974576271
5465127384.jpg,0.635986842105
6186608340.jpg,0.432205882353
5451526397.jpg,0.636282608696
3556213355.jpg,0.756118421053
9017247850.jpg,0.5682242990649999
7737184960.jpg,0.6312608695649999
7526349354.jpg,0.36875
531889120.jpg,0.691673728814
5838794545.jpg,0.604
5902359095.jpg,0.671460176991
6073506056.jpg,0.712648305085
9823089054.jpg,0.326369565217
6239374380.jpg,0.823851351351
869382458.jpg,0.490441176471
3107928091.jpg,0.47094036697200004
5027281781.jpg,0.6908177570089999
5484776927.jpg,0.76564159292
4462477090.jpg,0.43836538461499996
3575258454.jpg,0.640142857143
6913908117.jpg,0.452972972973
6128487555.jpg,0.34949115044199996
3418463077.jpg,0.7597368421049999
4039710407.jpg,0.7084999999999999
4838893362.jpg,0.5875
8392513010.jpg,0.19106194690300002
2908654044.jpg,0.415870535714
4321643395.jpg,0.598782051282
346617779.jpg,0.219144736842
6797193823.jpg,0.456217391304
6143211622.jpg,0.7156097560979999
6818454464.jpg,0.696013513514
6051776132.jpg,0.776592920354
4246091470.jpg,0.474799107143
3675002443.jpg,0.46271008403400005
80417582.jpg,0.387836134454
7134278631.jpg,0.63975
9122090851.jpg,0.437572115385
4958737471.jpg,0.661438679245
4784361629.jpg,0.609711538462
5932454750.jpg,0.6467499999999999
8677186401.jpg,0.629102564103
3292481650.jpg,0.731875
5324909950.jpg,0.6909868421049999
8452461056.jpg,0.7660129310339999
264903403.jpg,0.713075221239
7344897910.jpg,0.497176724138
8725613522.jpg,0.331680672269
6149089572.jpg,0.733517699115
1562015932.jpg,0.560233050847
3147925879.jpg,0.646684782609
450063799.jpg,0.613472222222
5906952351.jpg,0.792710084034
8582877561.jpg,0.701428571429
4468108530.jpg,0.60695754717
3172797742.jpg,0.611970338983
7543000548.jpg,0.7078125
9055579014.jpg,0.687678571429
5804325450.jpg,0.597075892857
5590319772.jpg,0.402638888889
174715115.jpg,0.283151260504
6867407079.jpg,0.482901785714
5298734322.jpg,0.649779411765
8120809574.jpg,0.551824324324
8003923043.jpg,0.537847222222
101601008.jpg,0.610875
910637798.jpg,0.48069196428600003
6904448359.jpg,0.550444915254
8871477031.jpg,0.158220338983
8000756995.jpg,0.40887614678900003
4307315285.jpg,0.674852941176
8454945247.jpg,0.4946875
6908276949.jpg,0.6672268907560001
3783312451.jpg,0.31202173913
885060581.jpg,0.569977876106
8481724236.jpg,0.420384615385
6011321842.jpg,0.622
5474201544.jpg,0.650630434783
7470692282.jpg,0.44049999999999995
5611311337.jpg,0.31472972973
2447131470.jpg,0.502
6171792130.jpg,0.7659999999999999
6531551463.jpg,0.532991071429
4296647005.jpg,0.723428571429
6766502563.jpg,0.6204999999999999
2748301393.jpg,0.40825
8988227086.jpg,0.554934210526
4900369405.jpg,0.590369565217
5483514140.jpg,0.747605932203
4285776519.jpg,0.296370192308
6955490571.jpg,0.728598130841
6800438108.jpg,0.764487179487
2372696116.jpg,0.620353982301
409597917.jpg,0.40251953125
7019640975.jpg,0.762205882353
6345193023.jpg,0.714196428571
5723599109.jpg,0.550265486726
5987364665.jpg,0.629135514019
447977798.jpg,0.573621495327
5124180488.jpg,0.827567567568
5604745238.jpg,0.27009541984700003
8154496951.jpg,0.506513761468
2148143527.jpg,0.5801814516129999
552629141.jpg,0.305379464286
11490304024.jpg,0.546973684211
6118735934.jpg,0.76397826087
5912451823.jpg,0.693881578947
80954980.jpg,0.6459375
4034290606.jpg,0.6188194444439999
2819296433.jpg,0.46195652173900004
4373157351.jpg,0.586800847458
4254945684.jpg,0.22491596638699998
5602815566.jpg,0.6677293577979999
3984248064.jpg,0.24602173913000003
5175429795.jpg,0.747958715596
2745252477.jpg,0.645907079646
11232665444.jpg,0.322668067227
5358640896.jpg,0.6827500000000001
8176381032.jpg,0.558702830189
14898266.jpg,0.387727272727
17606027.jpg,0.6938636363640001
5310307882.jpg,0.5307339449540001
8436929518.jpg,0.492086956522
3367220434.jpg,0.695044642857
2224984425.jpg,0.6744594594589999
8626945283.jpg,0.569407894737
6128722390.jpg,0.623684210526
6403149971.jpg,0.353231132075
2264946914.jpg,0.391737288136
5230623311.jpg,0.308867924528
5707521864.jpg,0.656128318584
6074911475.jpg,0.4915
8120535413.jpg,0.46825000000000006
6661741471.jpg,0.198771186441
4149460224.jpg,0.33037500000000003
4872116932.jpg,0.448428571429
289395722.jpg,0.383177570093
4162089194.jpg,0.528798076923
6699302891.jpg,0.817162162162
8697211336.jpg,0.7608193277309999
1410303503.jpg,0.689888392857
6047228959.jpg,0.6565144230769999
8008251007.jpg,0.338244680851
2341720836.jpg,0.626476377953
4313162470.jpg,0.6720798319329999
5873610214.jpg,0.507152173913
5628057241.jpg,0.694672897196
4343304474.jpg,0.470067567568
8042065108.jpg,0.707693965517
6843525285.jpg,0.71534351145
5935910099.jpg,0.65125
290784782.jpg,0.715444915254
6639033203.jpg,0.7290441176470001
6893965047.jpg,0.435281690141
6059676315.jpg,0.69972972973
9724107986.jpg,0.78
5237114997.jpg,0.318508403361
5274473740.jpg,0.739216101695
8207322738.jpg,0.604151376147
8668839930.jpg,0.664453781513
8703657043.jpg,0.6535
6613235741.jpg,0.42330882352899996
4989495161.jpg,0.772942477876
8373140830.jpg,0.6403289473680001
369605204.jpg,0.6514375
271262860.jpg,0.5889102564099999
7159650647.jpg,0.503051181102
6252497829.jpg,0.578660714286
8532549490.jpg,0.6693067226889999
8514709398.jpg,0.406148648649
7052391619.jpg,0.7681749999999999
10031913154.jpg,0.705
3131665013.jpg,0.49125
3245550884.jpg,0.48002293578
3005225950.jpg,0.7436607142859999
10336689775.jpg,0.6518110236219999
5652671086.jpg,0.372282608696
6869450975.jpg,0.47608974359
8158072489.jpg,0.7596120689660001
2310631117.jpg,0.34154205607500004
4442175074.jpg,0.8278260869570001
5013265495.jpg,0.7428378378380001
6790082633.jpg,0.56222972973
8069073334.jpg,0.577456521739
3355200103.jpg,0.7536458333330001
6121771164.jpg,0.7930263157890001
10415628976.jpg,0.200868644068
6297143428.jpg,0.8248820754720001
3265568572.jpg,0.701025641026
4885928195.jpg,0.522217391304
6021481506.jpg,0.363571428571
7811282766.jpg,0.712364864865
6470955539.jpg,0.644316037736
6391074279.jpg,0.766973684211
5734560437.jpg,0.573397435897
8144691822.jpg,0.756428571429
258502837.jpg,0.495294117647
6144141675.jpg,0.462593457944
8669455182.jpg,0.483050458716
4335962068.jpg,0.57203125
8695656651.jpg,0.369203539823
2571521736.jpg,0.58247826087
4611753437.jpg,0.399621848739
6791434529.jpg,0.724508928571
4217243298.jpg,0.557566371681
6339286279.jpg,0.6353625954200001
3359889192.jpg,0.690435779817
7628769918.jpg,0.7624305555559999
5352866440.jpg,0.793050847458
9225734576.jpg,0.675110619469
3671193503.jpg,0.601621621622
4216117221.jpg,0.29350000000000004
8397266843.jpg,0.729495192308
7046797651.jpg,0.583040540541
4941443673.jpg,0.633644067797
11081975613.jpg,0.6800233644860001
8401260771.jpg,0.5681304347830001
5788614098.jpg,0.5897297297299999
161483962.jpg,0.539375
6577277115.jpg,0.625485611511
6860584767.jpg,0.778783185841
5292219744.jpg,0.299115044248
7269352924.jpg,0.585986238532
6287889158.jpg,0.627692307692
6788551083.jpg,0.110375
6568238645.jpg,0.569247787611
2811625726.jpg,0.749033613445
3147416579.jpg,0.22203271028
3357164852.jpg,0.5167857142860001
1315889745.jpg,0.277567567568
6220758013.jpg,0.6766294642859999
9267882389.jpg,0.7623717948719999
8362183655.jpg,0.718714285714
10140071304.jpg,0.625576923077
3524447745.jpg,0.6120270270270001
6907499876.jpg,0.703883928571
6948272719.jpg,0.403577981651
5897660924.jpg,0.538925233645
10113730664.jpg,0.688125
10069534975.jpg,0.7372222222220001
6476406225.jpg,0.798644067797
7738480598.jpg,0.31394736842099996
2800893640.jpg,0.208925233645
3022463774.jpg,0.7115966386549999
273844105.jpg,0.797368421053
6092502687.jpg,0.519224137931
6019945837.jpg,0.49442307692299997
7998388938.jpg,0.7912391304349999
7555167080.jpg,0.6422689075629999
4103158795.jpg,0.715265486726
11033459414.jpg,0.635565217391
5919030075.jpg,0.425369565217
4080245276.jpg,0.17644736842099998
1090979049.jpg,0.5753043478259999
3301567767.jpg,0.47563559322000004
5240740919.jpg,0.612544642857
11159983896.jpg,0.7108783783779999
5135908583.jpg,0.259579831933
8177168382.jpg,0.42393478260899997
6901970679.jpg,0.569084821429
7259325322.jpg,0.6077754237290001
2263434837.jpg,0.77525862069
6866519003.jpg,0.671617647059
4573273622.jpg,0.717596153846
8619398770.jpg,0.578247663551
9352087961.jpg,0.0834110169492
161551525.jpg,0.4286875
5480545191.jpg,0.313205128205
3827560087.jpg,0.7302608695649999
7108939139.jpg,0.811228813559
5489747456.jpg,0.500695652174
8186599780.jpg,0.533533834586
10279904885.jpg,0.44040094339600006
8703113665.jpg,0.463026315789
3112707699.jpg,0.316428571429
9215295027.jpg,0.6788392857140001
2779185055.jpg,0.499889380531
3490117565.jpg,0.6755
10751799554.jpg,0.71995412844
7889791504.jpg,0.66175
6335908367.jpg,0.485675675676
3274581285.jpg,0.680221238938
8995226934.jpg,0.7740217391299999
7946144914.jpg,0.541743697479
4605589887.jpg,0.625630252101
527633229.jpg,0.539059633028
7998024612.jpg,0.627635135135
347162205.jpg,0.315425531915
38056572.jpg,0.6483262711860001
7863241080.jpg,0.588960176991
5341393819.jpg,0.71575
2259747766.jpg,0.515951327434
7543397674.jpg,0.464115044248
5038604558.jpg,0.7822297297299999
10246311914.jpg,0.7545798319329999
6808449405.jpg,0.678481308411
2785774595.jpg,0.595675675676
80498915.jpg,0.638109243697
1626230781.jpg,0.152293577982
6164643779.jpg,0.685782608696
6198414386.jpg,0.584579646018
5846011911.jpg,0.368986486486
4996107093.jpg,0.789330357143
9345882583.jpg,0.510739130435
6578628541.jpg,0.55768907563
6840900400.jpg,0.750073529412
5784673341.jpg,0.6445624999999999
2736161037.jpg,0.462571428571
11324704676.jpg,0.509230769231
6245438349.jpg,0.764978991597
5056056125.jpg,0.6707432432429999
6142852545.jpg,0.593289473684
1473138944.jpg,0.318050458716
9060994605.jpg,0.691491596639
4035961068.jpg,0.401111111111
8222741744.jpg,0.542631578947
9372862494.jpg,0.501443965517
4586793310.jpg,0.505693277311
3938367619.jpg,0.502155172414
8568761304.jpg,0.46375
4356674628.jpg,0.607212389381
4169148705.jpg,0.63025
6224117679.jpg,0.539258474576
8471619926.jpg,0.491716101695
6001214984.jpg,0.634439655172
6493285057.jpg,0.713075221239
5748977191.jpg,0.594491525424
549547230.jpg,0.481428571429
11474376103.jpg,0.5325
5895424608.jpg,0.43625
8707214366.jpg,0.767435344828
433731087.jpg,0.24325
3788909806.jpg,0.638967889908
8570186179.jpg,0.583849557522
4976501337.jpg,0.619390756303
2243706700.jpg,0.533986486486
7684026832.jpg,0.537584033613
2906852026.jpg,0.69608974359
496109303.jpg,0.45466101694899996
7425526298.jpg,0.437831858407
10446810546.jpg,0.74734375
3463146453.jpg,0.686805555556
306909339.jpg,0.425446428571
2693336679.jpg,0.39903669724799995
379323686.jpg,0.7202500000000001
8049709940.jpg,0.5345183486239999
9973079444.jpg,0.5875
11515148456.jpg,0.644316037736
4851762296.jpg,0.515951327434
9703418771.jpg,0.160897435897
2954125895.jpg,0.77828125
6332978018.jpg,0.5546527777779999
2971372651.jpg,0.717421259843
6305410399.jpg,0.7436607142859999
11054899145.jpg,0.740512820513
5168834860.jpg,0.863205128205
3424993568.jpg,0.780466101695
8310254529.jpg,0.7119374999999999
9536013325.jpg,0.70254587156
58449294.jpg,0.506363636364
5484179033.jpg,0.65425
6389008737.jpg,0.696462264151
7056790837.jpg,0.712836538462
9157119271.jpg,0.6669724770640001
7329465526.jpg,0.780225409836
8398548523.jpg,0.599181415929
3265420201.jpg,0.6783193277309999
8398198583.jpg,0.78231092437
8721056397.jpg,0.186092436975
5999303076.jpg,0.420309734513
4794780770.jpg,0.621758474576
8522546794.jpg,0.288632075472
3388712525.jpg,0.48121621621599997
6268176546.jpg,0.7587394957979999
9050414795.jpg,0.725239130435
3566285762.jpg,0.6730841121500001
5719459427.jpg,0.719054054054
2339723901.jpg,0.655135135135
6902428631.jpg,0.6909868421049999
5493295509.jpg,0.703
5834781945.jpg,0.680760869565
5016823142.jpg,0.492184466019
2620618611.jpg,0.6895762711860001
2957895882.jpg,0.44849315068499995
7255559908.jpg,0.8035381355929999
7796133504.jpg,0.713851351351
5318008559.jpg,0.5452100840340001
5805622077.jpg,0.612091346154
6741097253.jpg,0.578333333333
8419805674.jpg,0.81325
8583578292.jpg,0.748816964286
9202851539.jpg,0.6582142857140001
3800059044.jpg,0.679625
4913587642.jpg,0.7580932203390001
2907072293.jpg,0.211666666667
5540702638.jpg,0.727056074766
7957309250.jpg,0.635810810811
4982428461.jpg,0.658564356436
449395753.jpg,0.544
4976269857.jpg,0.7685805084749999
8428610140.jpg,0.6809999999999999
2655543598.jpg,0.731138392857
10111411235.jpg,0.184705882353
4692095992.jpg,0.562
1459611891.jpg,0.34723684210499994
8730092034.jpg,0.793050847458
8377086521.jpg,0.6707432432429999
6841095.jpg,0.270192307692
7413044200.jpg,0.802995689655
4264601430.jpg,0.738869565217
8704133333.jpg,0.705044247788
5886060405.jpg,0.718125
6095633645.jpg,0.38125
3588199753.jpg,0.6981875
9873105273.jpg,0.643223684211
3956832242.jpg,0.44023364486
6067656779.jpg,0.73781779661
4475438101.jpg,0.659868421053
3788379941.jpg,0.748849557522
4722268334.jpg,0.710154867257
8634679976.jpg,0.6365330188680001
8473442365.jpg,0.736282051282
5028571969.jpg,0.600301724138
9497146011.jpg,0.551725663717
6435747701.jpg,0.7431739130430001
1286765019.jpg,0.715517241379
6441809623.jpg,0.531985981308
7984667593.jpg,0.532731092437
9125517985.jpg,0.470558252427
9877078626.jpg,0.758846153846
8412239545.jpg,0.855275423729
1297819816.jpg,0.742794117647
6184879643.jpg,0.623175675676
4236326911.jpg,0.515596330275
7160553409.jpg,0.68546875
3310204675.jpg,0.310882352941
3194726912.jpg,0.591959459459
5622618497.jpg,0.7213025210080001
4448002516.jpg,0.712364864865
6711764573.jpg,0.715490654206
6346767698.jpg,0.669263392857
5980262015.jpg,0.46271008403400005
7303973886.jpg,0.671633663366
4780164434.jpg,0.5784174311929999
4864265547.jpg,0.6655
6626107981.jpg,0.47441810344799995
5594332636.jpg,0.696490825688
10983119996.jpg,0.575389908257
11504601393.jpg,0.523177966102
417711208.jpg,0.713899082569
9523882653.jpg,0.475928571429
2748370097.jpg,0.560252293578
3827968988.jpg,0.5284756097559999
7870688128.jpg,0.6463535031850001
7762883720.jpg,0.70238317757
5695511111.jpg,0.644348739496
477939756.jpg,0.739241071429
2739007601.jpg,0.5120714285710001
7467164130.jpg,0.620966981132
11484412296.jpg,0.632641509434
2555644998.jpg,0.6655
8473031499.jpg,0.568175675676
6788163039.jpg,0.6486875000000001
7266979612.jpg,0.693455882353
5233564371.jpg,0.600897435897
10602786066.jpg,0.27760504201700004
5314923965.jpg,0.497289719626
3330470420.jpg,0.546628440367
4178432884.jpg,0.484551282051
5966712198.jpg,0.588922413793
10475658035.jpg,0.8322499999999999
11209059333.jpg,0.60125
6473904775.jpg,0.314615384615
4634635214.jpg,0.622652173913
11109548195.jpg,0.615231092437
9656195199.jpg,0.544776785714
86543550.jpg,0.68375
6879970399.jpg,0.44951327433599997
3087855667.jpg,0.455202702703
5871779223.jpg,0.480884615385
5059274251.jpg,0.626370192308
8307817608.jpg,0.335580357143
6218336714.jpg,0.751794871795
6239620274.jpg,0.72925
4294746447.jpg,0.335105932203
187499391.jpg,0.468256302521
3439365851.jpg,0.712289915966
2129246782.jpg,0.6474292452829999
5445781988.jpg,0.761599264706
276590560.jpg,0.401689189189
2568268182.jpg,0.475586956522
4718226346.jpg,0.5111875
7751390858.jpg,0.558200934579
5554808879.jpg,0.795543478261
9341616816.jpg,0.7525
4359967769.jpg,0.464115044248
3636701462.jpg,0.773325242718
3355464174.jpg,0.603282608696
6235008903.jpg,0.726617647059
8596983746.jpg,0.754709821429
220183616.jpg,0.415567226891
6003925442.jpg,0.29912844036700004
4886153819.jpg,0.6295000000000001
5362140571.jpg,0.211330275229
4835256174.jpg,0.797433035714
3472660238.jpg,0.7058695652170001
5269040313.jpg,0.12243362831900001
3390896088.jpg,0.6795758928569999
4217551619.jpg,0.641272321429
10558118243.jpg,0.758
8768474112.jpg,0.272435344828
6344902938.jpg,0.785360169492
6366361319.jpg,0.721857142857
3845656628.jpg,0.625855263158
4696239138.jpg,0.689411764706
9602714230.jpg,0.606081081081
10513907744.jpg,0.594311926606
4143494301.jpg,0.5581355932200001
8427357000.jpg,0.707125
4304984630.jpg,0.637995689655
9090441923.jpg,0.722642857143
4904294830.jpg,0.7016249999999999
3094978642.jpg,0.32685840708
5212871853.jpg,0.593289473684
10792125886.jpg,0.712224409449
5731936449.jpg,0.654802631579
540261908.jpg,0.524275700935
7561935496.jpg,0.731111111111
6854228547.jpg,0.580448717949
2491353954.jpg,0.472876106195
5294012475.jpg,0.746099137931
5306806108.jpg,0.697731092437
4805041131.jpg,0.573876146789
8633987600.jpg,0.679611650485
5961150371.jpg,0.831504237288
3458045907.jpg,0.605178571429
8646711055.jpg,0.725
539524376.jpg,0.380864485981
6735104841.jpg,0.679088983051
2220192526.jpg,0.703302752294
7980394491.jpg,0.5875
6136695263.jpg,0.471029411765
6996086039.jpg,0.433260869565
3281012528.jpg,0.6277100840340001
10828395135.jpg,0.7407142857140001
669490972.jpg,0.267523364486
5221875216.jpg,0.47983050847500003
3288428899.jpg,0.334701834862
9567386872.jpg,0.581043478261
9258012910.jpg,0.7629872881359999
11393787465.jpg,0.215849514563
2937190977.jpg,0.731875
9220693447.jpg,0.648827433628
3522690935.jpg,0.47115384615399997
5661464368.jpg,0.774598214286
5132091056.jpg,0.410088495575
3569097033.jpg,0.525420792079
2329975863.jpg,0.574102564103
9248275667.jpg,0.613513513514
6411216741.jpg,0.723971962617
5790219836.jpg,0.612330097087
6077930890.jpg,0.301041666667
7867646032.jpg,0.82125
1663721615.jpg,0.15420168067200002
4571847379.jpg,0.5315178571429999
3608137140.jpg,0.704932432432
6093133362.jpg,0.519935344828
10203647273.jpg,0.7350211864409999
262123064.jpg,0.5308686440679999
5684960466.jpg,0.261355140187
2971073872.jpg,0.498060747664
1708787959.jpg,0.589579831933
5677087869.jpg,0.770665137615
9081876401.jpg,0.7081302521009999
3750200495.jpg,0.6805769230769999
8715753944.jpg,0.715128205128
6827495732.jpg,0.543823529412
3927444590.jpg,0.6597727272730001
301104017.jpg,0.7243125
5468577486.jpg,0.4225
6378298689.jpg,0.46736842105299997
9884831806.jpg,0.6609174311930001
6045753888.jpg,0.640066371681
6993500769.jpg,0.35608050847500006
7425462410.jpg,0.7292307692309999
8668432915.jpg,0.7416896551719999
3946405001.jpg,0.7162284482760001
7548332064.jpg,0.39427631578899996
5558342101.jpg,0.618961864407
1461013559.jpg,0.638881578947
5934416034.jpg,0.67502173913
3707755654.jpg,0.456217391304
8206370859.jpg,0.779747706422
9102888066.jpg,0.822521008403
8034708472.jpg,0.6281770833329999
7452954268.jpg,0.720769230769
9005619499.jpg,0.7018907563029999
8546849368.jpg,0.631399082569
5522198347.jpg,0.43625
7131604965.jpg,0.591544117647
8629854370.jpg,0.7282352941179999
5170784567.jpg,0.47026315789500006
5196364865.jpg,0.700663716814
9808126155.jpg,0.290802752294
2362202039.jpg,0.756730769231
8012731043.jpg,0.600783898305
3574423584.jpg,0.618163716814
3503300231.jpg,0.7641875
5965591233.jpg,0.407281553398
9277184417.jpg,0.538883928571
6243575043.jpg,0.5148717948720001
3880140639.jpg,0.345840707965
2918475321.jpg,0.45817567567600004
10422776735.jpg,0.69772
9723836931.jpg,0.791747572816
3431105203.jpg,0.65811440678
8268756631.jpg,0.7213025210080001
5478338784.jpg,0.698986486486
7348931184.jpg,0.589333333333
6755644805.jpg,0.8068125
500101169.jpg,0.7420127118640001
9723327327.jpg,0.753898305085
3187350017.jpg,0.642008928571
5837969940.jpg,0.7041379310339999
6236533476.jpg,0.7135416666669999
8943413727.jpg,0.676707317073
8936501287.jpg,0.285924369748
9768629394.jpg,0.649375
5904145977.jpg,0.732064220183
5796747370.jpg,0.725
1748861184.jpg,0.622457627119
3810011859.jpg,0.36497706422
7075654171.jpg,0.706050420168
6106078585.jpg,0.650168269231
4502165045.jpg,0.5661383928570001
4778402744.jpg,0.67675
5423986833.jpg,0.4975
4702733058.jpg,0.619288990826
10164842933.jpg,0.7669374999999999
4320399633.jpg,0.617075471698
4912317009.jpg,0.7626179245279999
8844729886.jpg,0.6959722222220001
10847909336.jpg,0.24114224137899998
7173122782.jpg,0.433396226415
5138115166.jpg,0.583644859813
4174901273.jpg,0.48325
6395582961.jpg,0.773125
7001539761.jpg,0.8065000000000001
4603364479.jpg,0.6499324324319999
5183223776.jpg,0.6937711864409999
8267786798.jpg,0.514407894737
6199129652.jpg,0.643028846154
5906203942.jpg,0.538584070796
11158314215.jpg,0.463349514563
3916637949.jpg,0.470336134454
7466614786.jpg,0.772
5353881693.jpg,0.5565625
4144540155.jpg,0.629121621622
194278089.jpg,0.615
4983471695.jpg,0.6245871559630001
7625539278.jpg,0.35513761467899996
2844388238.jpg,0.6788392857140001
8321480608.jpg,0.514788135593
6107838272.jpg,0.48508620689700005
4040905906.jpg,0.671375
9194756449.jpg,0.481927966102
6826290090.jpg,0.684864864865
8425720386.jpg,0.547428571429
4988320464.jpg,0.692564102564
2287163032.jpg,0.60475
7172324016.jpg,0.518485576923
7005672625.jpg,0.6677500000000001
6124044226.jpg,0.7197972972969999
7504569144.jpg,0.7008478260869999
5592031827.jpg,0.553058252427
49445241.jpg,0.505
8850126806.jpg,0.484189189189
6831480328.jpg,0.756183035714
8354584594.jpg,0.639336283186
10183769356.jpg,0.700472972973
9842476936.jpg,0.712364864865
463199566.jpg,0.546635514019
9712051180.jpg,0.694357142857
6978598944.jpg,0.679611650485
5875925963.jpg,0.547307692308
2314745999.jpg,0.664310344828
9401387705.jpg,0.78488317757
8856278655.jpg,0.595602678571
41130035.jpg,0.760256410256
5573505825.jpg,0.7428883495149999
1029470257.jpg,0.43096153846199997
3365471102.jpg,0.331081081081
9741202505.jpg,0.121
9606718162.jpg,0.72313559322
3372418412.jpg,0.65125
6737389193.jpg,0.67
8567878134.jpg,0.54302173913
4806110659.jpg,0.639158878505
2479736959.jpg,0.685894495413
6736392821.jpg,0.468761682243
5204128955.jpg,0.511292372881
42614998.jpg,0.5556092436969999
6897446719.jpg,0.3709375
3825837186.jpg,0.7003205128209999
8821348628.jpg,0.691029411765
4944793972.jpg,0.603844339623
5427956048.jpg,0.6391521739129999
4142709624.jpg,0.73703125
9652506914.jpg,0.759800884956
10440370734.jpg,0.392436440678
3005232085.jpg,0.50266509434
9139430214.jpg,0.522408256881
4281871655.jpg,0.289910714286
2688943738.jpg,0.46890625
3086003946.jpg,0.483611111111
5231773522.jpg,0.223185840708
4925153617.jpg,0.69322815534
3600948934.jpg,0.42618303571399996
10211880874.jpg,0.350487288136
4217228822.jpg,0.456217391304
9572676975.jpg,0.6920982142859999
10948257133.jpg,0.42092857142900003
9286263885.jpg,0.498370535714
5791949308.jpg,0.29265217391299997
7092910349.jpg,0.5828738317759999
6966432732.jpg,0.688581081081
3782183827.jpg,0.373883928571
4138608778.jpg,0.657415254237
3558351395.jpg,0.20394736842099997
2231397523.jpg,0.65531779661
9550375184.jpg,0.772775423729
2741854107.jpg,0.333067226891
3759763464.jpg,0.485776699029
5463672195.jpg,0.586788793103
6691471103.jpg,0.6349764150939999
8906347187.jpg,0.719358974359
2564368557.jpg,0.6609174311930001
5144117619.jpg,0.42884615384600006
5679431462.jpg,0.72593220339
7300766830.jpg,0.591216216216
6924377004.jpg,0.669269911504
3324496492.jpg,0.468333333333
2275633566.jpg,0.393200934579
5461710344.jpg,0.52225
5456373866.jpg,0.342946428571
8439881076.jpg,0.608310810811
5483224233.jpg,0.62354368932
2839494557.jpg,0.7143697478990001
8517283347.jpg,0.654054621849
4589538888.jpg,0.44799999999999995
7038768335.jpg,0.6597857142860001
7107776883.jpg,0.5452100840340001
5682778748.jpg,0.430602678571
1306193020.jpg,0.335732758621
7915207374.jpg,0.54925
4210559322.jpg,0.32762500000000006
6285601097.jpg,0.736933962264
7969586312.jpg,0.66342920354
10260190424.jpg,0.688652173913
2140864586.jpg,0.62552173913
6194753185.jpg,0.7016249999999999
4987191446.jpg,0.251906779661
6169751513.jpg,0.68125
8184338593.jpg,0.42322368421100004
4867659714.jpg,0.610630841121
5669648365.jpg,0.590527522936
6368218585.jpg,0.72452173913
9379310013.jpg,0.751013513514
4196095816.jpg,0.602831858407
5615226673.jpg,0.30993644067799997
11009340314.jpg,0.630277777778
5642698379.jpg,0.45817567567600004
5189289022.jpg,0.773486842105
9618300510.jpg,0.6792523364490001
3302975736.jpg,0.577456521739
4994678050.jpg,0.703
3632417985.jpg,0.0416741071429
5454884110.jpg,0.798419811321
535434144.jpg,0.7434999999999999
6845847924.jpg,0.426767241379
5924110639.jpg,0.44017857142899997
4585233162.jpg,0.439717391304
6146146023.jpg,0.807739130435
11294894953.jpg,0.586101694915
2500618710.jpg,0.710891304348
154270569.jpg,0.704772727273
5090803058.jpg,0.543303571429
8653060124.jpg,0.513102678571
5658520618.jpg,0.605022123894
3210385990.jpg,0.7038461538459999
8618147512.jpg,0.6771394230769999
7765078282.jpg,0.654433962264
9646776074.jpg,0.675110619469
8503728878.jpg,0.369159482759
3342346685.jpg,0.445132743363
4960025889.jpg,0.487905405405
7550549938.jpg,0.66858974359
5955759351.jpg,0.46756302521000004
7063436849.jpg,0.601116504854
9409533366.jpg,0.676875
379362291.jpg,0.5686228813559999
6043711166.jpg,0.688877118644
6461549237.jpg,0.22479729729700001
5554016525.jpg,0.8208783783779999
2716631816.jpg,0.259579831933
282730228.jpg,0.546986607143
5538586634.jpg,0.779766949153
9521784071.jpg,0.62125
224076897.jpg,0.622857142857
8306155022.jpg,0.7765625
7973547250.jpg,0.7087820512819999
7575998494.jpg,0.687368421053
10620356404.jpg,0.5645434782609999
7622984342.jpg,0.69119266055
8540532034.jpg,0.526949541284
8132171428.jpg,0.6744594594589999
5786468844.jpg,0.6975
3433315492.jpg,0.496238938053
8060465172.jpg,0.615491071429
11251138933.jpg,0.6922391304350001
4668901744.jpg,0.7091525423730001
8647880189.jpg,0.6909868421049999
2646059323.jpg,0.674380530973
6141827403.jpg,0.739327731092
8645927718.jpg,0.729621848739
3586827526.jpg,0.7022499999999999
7819211312.jpg,0.501316964286
10882856833.jpg,0.620065789474
8459688085.jpg,0.498219178082
5592815589.jpg,0.623642857143
3356044640.jpg,0.6204999999999999
5546833927.jpg,0.621734693878
5864866052.jpg,0.5307339449540001
5128756378.jpg,0.801029411765
9762345346.jpg,0.710154867257
8272706512.jpg,0.5909375
6462502847.jpg,0.6737844036699999
3446366493.jpg,0.6723130841120001
2196513263.jpg,0.13375
8310619532.jpg,0.616703539823
8814635311.jpg,0.6207894736840001
2415943373.jpg,0.709285714286
11347140483.jpg,0.536890756303
1446670895.jpg,0.6133260869570001
6107409429.jpg,0.531794871795
4424741537.jpg,0.61641025641
5534328979.jpg,0.503526785714
5879690252.jpg,0.647565789474
4962117985.jpg,0.323919491525
6731198091.jpg,0.804527027027
9485553260.jpg,0.7789908256879999
8000770201.jpg,0.602428571429
7946918290.jpg,0.329976635514
5783124720.jpg,0.307961165049
4277539505.jpg,0.6506756756759999
5982393408.jpg,0.850608108108
6031843630.jpg,0.733781512605
7929212614.jpg,0.719652777778
432256405.jpg,0.535063559322
1348094685.jpg,0.723834745763
3846844854.jpg,0.6646028037380001
5451071783.jpg,0.595323275862
2181528959.jpg,0.711949152542
5541438392.jpg,0.457457627119
10191607755.jpg,0.7941150442480001
6992423707.jpg,0.67675
6891596982.jpg,0.646311881188
6856483689.jpg,0.561216814159
7538144396.jpg,0.5616313559320001
4638688609.jpg,0.726155462185
9016868192.jpg,0.681785714286
5707149624.jpg,0.76320610687
10628497685.jpg,0.5494782608700001
3483540691.jpg,0.46189189189200003
8157886874.jpg,0.7119612068969999
3603762742.jpg,0.54109375
11068654734.jpg,0.6806944444440001
6121672426.jpg,0.472589285714
5413723205.jpg,0.767831858407
7802615964.jpg,0.7440073529410001
8274584258.jpg,0.761418918919
9577464036.jpg,0.571148648649
3070894795.jpg,0.37743697479
3841305755.jpg,0.613368644068
4530384020.jpg,0.6362142857140001
10177270623.jpg,0.594800884956
240689125.jpg,0.5840625
10118773964.jpg,0.5307339449540001
2260527943.jpg,0.584472477064
10207172624.jpg,0.625344036697
1988371580.jpg,0.684935344828
3948277105.jpg,0.579789719626
5519011400.jpg,0.5414375
3761272199.jpg,0.61277027027
6764494191.jpg,0.430819327731
5561541116.jpg,0.453163716814
280028696.jpg,0.307415966387
8505294712.jpg,0.7022826086960001
9458811902.jpg,0.741548672566
3764660296.jpg,0.819722222222
8084640023.jpg,0.23933486238499999
105620456.jpg,0.5586249999999999
2619769686.jpg,0.720217391304
10091520555.jpg,0.33644396551699995
1539716347.jpg,0.37982758620699997
8727344040.jpg,0.776808035714
7063010793.jpg,0.723472222222
3099787122.jpg,0.623274336283
7267070590.jpg,0.34314285714299997
11414474354.jpg,0.185514705882
5025588176.jpg,0.682195652174
6255404207.jpg,0.716538461538
6927641976.jpg,0.423973214286
7189498789.jpg,0.641995412844
28311109.jpg,0.051602564102599995
8410633059.jpg,0.6523214285710001
6128176020.jpg,0.35692307692299996
10154991453.jpg,0.74185483871
5762320263.jpg,0.361491596639
5074508109.jpg,0.556
6890554826.jpg,0.354513888889
10947519133.jpg,0.74609223301
10786271105.jpg,0.677756410256
3426740196.jpg,0.250263157895
7090447613.jpg,0.536132075472
10409059825.jpg,0.731513157895
526020496.jpg,0.54925
4000774743.jpg,0.601642857143
8709697980.jpg,0.71875
5891304676.jpg,0.532266949153
403993453.jpg,0.323919491525
8292826193.jpg,0.573378378378
7296337218.jpg,0.655
26344318.jpg,0.332948717949
7510743692.jpg,0.6560044642859999
3018181041.jpg,0.492086956522
5257060848.jpg,0.439292035398
146926363.jpg,0.099375
6913622130.jpg,0.7208258928569999
1368120580.jpg,0.786059322034
691940284.jpg,0.7222247706420001
8511720535.jpg,0.609054054054
9726620129.jpg,0.721918103448
9456887097.jpg,0.679012605042
9477847678.jpg,0.703426724138
9424726743.jpg,0.545857142857
8745291792.jpg,0.744539473684
3188930402.jpg,0.6475
4345778112.jpg,0.72925
6019255824.jpg,0.47822368421100003
5059626281.jpg,0.523652173913
5825243642.jpg,0.110400943396
5817880168.jpg,0.69119266055
8445666777.jpg,0.720769230769
9659355544.jpg,0.48910550458700003
6002788833.jpg,0.672426470588
8669875850.jpg,0.8231144067799999
5884343005.jpg,0.736142241379
3585744087.jpg,0.293550420168
175326787.jpg,0.35227272727299996
8432266484.jpg,0.332039473684
4796228876.jpg,0.7224364406780001
1103755154.jpg,0.730641025641
8772955624.jpg,0.772586956522
9200829224.jpg,0.738628318584
5637731734.jpg,0.744469026549
5083127743.jpg,0.7397499999999999
9202760715.jpg,0.705675675676
2437860365.jpg,0.7172499999999999
7183220075.jpg,0.8107352941179999
9487232298.jpg,0.660911016949
5507499346.jpg,0.264432773109
6363131561.jpg,0.6025
4390875397.jpg,0.560252293578
452671189.jpg,0.234665178571
4014803633.jpg,0.2389375
9657756963.jpg,0.740825471698
11051034136.jpg,0.65531779661
4585460509.jpg,0.593846153846
8314358374.jpg,0.489862385321
8911411937.jpg,0.754879807692
10262588616.jpg,0.614485981308
6749191929.jpg,0.5788913043480001
3016703765.jpg,0.722642857143
2876226509.jpg,0.38367647058800003
6210021795.jpg,0.528673913043
2633540206.jpg,0.71506302521
5913526574.jpg,0.7452912621359999
8114138182.jpg,0.7893446601940001
276570133.jpg,0.386449579832
10526881085.jpg,0.444598214286
6573749079.jpg,0.731689189189
4640205988.jpg,0.718915929204
8730988705.jpg,0.7701282051280001
4975468754.jpg,0.63745412844
2741340609.jpg,0.623550420168
8105160200.jpg,0.630367647059
8468013032.jpg,0.5631428571429999
10451177016.jpg,0.709357798165
5092945872.jpg,0.28775
8596349698.jpg,0.7825
3768070080.jpg,0.225609243697
7651198192.jpg,0.63197826087
5131861392.jpg,0.6452500000000001
7881174736.jpg,0.65505033557
7755789428.jpg,0.6357547169810001
5224316825.jpg,0.309158878505
9754442293.jpg,0.7276369863009999
9753718946.jpg,0.704059633028
10178112894.jpg,0.40258620689700003
11333611705.jpg,0.633495575221
2460847286.jpg,0.36334905660399996
4574265376.jpg,0.401875
5599655175.jpg,0.763879310345
8925875609.jpg,0.768066037736
4682349014.jpg,0.489934782609
9530920367.jpg,0.6799305555559999
4572672183.jpg,0.502203389831
8774523686.jpg,0.725233050847
7095677109.jpg,0.315472972973
8616708613.jpg,0.32461864406799995
8600489475.jpg,0.6977570093459999
1979184408.jpg,0.535200892857
8275793121.jpg,0.595981308411
10471406506.jpg,0.282884615385
9597188417.jpg,0.5235625
6534801331.jpg,0.498653846154
8590374545.jpg,0.661969026549
3876341199.jpg,0.7398076923079999
4972378781.jpg,0.740304347826
7551562932.jpg,0.409633027523
8549362115.jpg,0.5998026315789999
9224664940.jpg,0.374441747573
7000869677.jpg,0.737168141593
5609386026.jpg,0.567079207921
9474360756.jpg,0.732821100917
5636641388.jpg,0.626540178571
4149241552.jpg,0.636440677966
4002265121.jpg,0.658646788991
8561557613.jpg,0.634642857143
6352599641.jpg,0.551630434783
5005558786.jpg,0.7171428571430001
8546237134.jpg,0.491369565217
6130471976.jpg,0.205200892857
8641316746.jpg,0.616683673469
3971662930.jpg,0.498831775701
5380064296.jpg,0.5325
6173003449.jpg,0.7260091743120001
5780359774.jpg,0.691172566372
8095851163.jpg,0.554054054054
10535849673.jpg,0.479556074766
5625316207.jpg,0.64357421875
4924398774.jpg,0.514575892857
9632208628.jpg,0.455360169492
3851672801.jpg,0.759189189189
5081637571.jpg,0.509852941176
2515829883.jpg,0.7302608695649999
11013892854.jpg,0.274978813559
8076181424.jpg,0.8177500000000001
3391217731.jpg,0.34925233644899994
8474594407.jpg,0.624080188679
9650999310.jpg,0.436365546218
5642132751.jpg,0.540138888889
5443109303.jpg,0.5714194915249999
2405333928.jpg,0.510593220339
10617981003.jpg,0.403175675676
11005410885.jpg,0.554915966387
503496072.jpg,0.55375
9004727133.jpg,0.7591294642859999
4521235979.jpg,0.415133928571
4259140344.jpg,0.546635514019
1490095554.jpg,0.550669642857
2702264162.jpg,0.605128205128
123242995.jpg,0.6096848739499999
2455942045.jpg,0.577837837838
3740923361.jpg,0.34275
4426149096.jpg,0.667032374101
5298103951.jpg,0.409121621622
5782679543.jpg,0.596826086957
5949374499.jpg,0.772076271186
4398385361.jpg,0.804418103448
4110400471.jpg,0.5975434782610001
4999850616.jpg,0.46080357142899997
10776111906.jpg,0.7397499999999999
7443145706.jpg,0.7574358974359999
8106242836.jpg,0.626822429907
5360940013.jpg,0.350668103448
3398940973.jpg,0.594800884956
6906058795.jpg,0.5940131578950001
8431868669.jpg,0.673495762712
9565379403.jpg,0.754013761468
9058863840.jpg,0.441218487395
5387093344.jpg,0.605915178571
2569693875.jpg,0.7426282051280001
5305438208.jpg,0.458855932203
3935177366.jpg,0.21025641025599998
4630540392.jpg,0.703445945946
8219032452.jpg,0.40713235294100003
5422890420.jpg,0.513030973451
4211408239.jpg,0.5325
6464291091.jpg,0.773310810811
4992884384.jpg,0.7038461538459999
5149778996.jpg,0.511239495798
3955560376.jpg,0.630847457627
8362730833.jpg,0.668935483871
2569774614.jpg,0.371216216216
4748829159.jpg,0.53125
2672397400.jpg,0.677300884956
276009784.jpg,0.628050847458
9489836089.jpg,0.684380733945
4891817119.jpg,0.710513392857
10134737015.jpg,0.545903361345
5490633123.jpg,0.583157894737
8468743988.jpg,0.779256756757
6279975735.jpg,0.627327586207
3197293330.jpg,0.6587864077669999
4409503429.jpg,0.291689189189
8518610606.jpg,0.549196428571
6796759928.jpg,0.7580827067670001
4157144630.jpg,0.502203389831
3109733480.jpg,0.8308050847459999
8434381156.jpg,0.31268965517200004
8191059336.jpg,0.733409090909
6698669369.jpg,0.7991304347829999
6693843973.jpg,0.356651376147
143622689.jpg,0.627375
6789727386.jpg,0.693130841121
9213666869.jpg,0.596418918919
2982904736.jpg,0.744469026549
11291450085.jpg,0.567394957983
8485122834.jpg,0.7332500000000001
9831633846.jpg,0.651584821429
6019043810.jpg,0.49430555555600003
6974976461.jpg,0.637
6810784384.jpg,0.471554054054
11051749575.jpg,0.62125
9490329837.jpg,0.665840336134
5928144781.jpg,0.816320754717
10730634575.jpg,0.5875
2910495331.jpg,0.664159292035
3932684731.jpg,0.4885
6160181184.jpg,0.7434873949580001
5395790450.jpg,0.32867647058800004
10937404313.jpg,0.5661875
9394014608.jpg,0.417297297297
1990074154.jpg,0.824868421053
11051374673.jpg,0.626148648649
7383311936.jpg,0.370436893204
6106890458.jpg,0.5895625
7616384942.jpg,0.753973214286
8437609150.jpg,0.8003794642859999
5629171325.jpg,0.6232500000000001
6837388142.jpg,0.563728813559
6098553690.jpg,0.413008849558
10689376076.jpg,0.592394067797
7259699596.jpg,0.5523478260870001
8395743743.jpg,0.7109033613450001
3925412649.jpg,0.654668141593
6319992606.jpg,0.557642857143
11169904264.jpg,0.68546875
7276321940.jpg,0.396766055046
898061275.jpg,0.754347014925
497525662.jpg,0.517287234043
8400156034.jpg,0.57375
5258392332.jpg,0.67675
1431934782.jpg,0.641272321429
6367495079.jpg,0.575512820513
6010335101.jpg,0.734247787611
6898804586.jpg,0.327133027523
6008172185.jpg,0.631869747899
610496828.jpg,0.756319444444
9593149678.jpg,0.6655405405410001
6476717611.jpg,0.48953125
8401142586.jpg,0.632306034483
8460289501.jpg,0.650287610619
7452245552.jpg,0.321495327103
5318520232.jpg,0.474563106796
3194036363.jpg,0.6715000000000001
3346416285.jpg,0.572362385321
3731180333.jpg,0.684513888889
5261364718.jpg,0.6165277777779999
8175828572.jpg,0.707754237288
8499771607.jpg,0.660480769231
7749930286.jpg,0.7754565217389999
1576235224.jpg,0.289065217391
8751458979.jpg,0.699203539823
6875194504.jpg,0.5435
272518935.jpg,0.5765
8288373596.jpg,0.836617647059
10177793964.jpg,0.685218446602
6190472459.jpg,0.645608695652
4041954882.jpg,0.7586875000000001
5192516842.jpg,0.475796460177
2939787669.jpg,0.688652173913
526555735.jpg,0.501972477064
6309109435.jpg,0.33394495412799996
2286659351.jpg,0.6253125
6410507631.jpg,0.6775
4429610219.jpg,0.7426282051280001
6883091790.jpg,0.564369158879
8891540889.jpg,0.6934698275860001
3910222592.jpg,0.679705882353
8984699375.jpg,0.55140625
2932540851.jpg,0.676239495798
4509028861.jpg,0.540044247788
8639922039.jpg,0.616089108911
4809080599.jpg,0.765783898305
10981006796.jpg,0.17740291262100003
6001836316.jpg,0.44676470588199996
4932950485.jpg,0.44471153846199996
6121783761.jpg,0.6088125
6123127594.jpg,0.6821100917430001
6966361719.jpg,0.7142499999999999
4333231936.jpg,0.337027027027
4010417256.jpg,0.509459459459
11170758174.jpg,0.602831858407
2630235144.jpg,0.573876146789
3615267731.jpg,0.7035840707959999
9500372295.jpg,0.443125
7113653815.jpg,0.7216521739130001
3136368482.jpg,0.466399082569
6486906969.jpg,0.38238532110100004
1465706268.jpg,0.5978125
6233076325.jpg,0.749553571429
5147986874.jpg,0.7047794117649999
8043238323.jpg,0.756216216216
6415648509.jpg,0.680951327434
7741343046.jpg,0.532991071429
4886525195.jpg,0.596991150442
5891588921.jpg,0.7525
8902840150.jpg,0.586756756757
7783320848.jpg,0.7237385321099999
11150131936.jpg,0.639158878505
289462174.jpg,0.269695652174
6729759239.jpg,0.779256756757
3971799391.jpg,0.5882568807340001
7472436450.jpg,0.266310679612
6596093581.jpg,0.73
2227011292.jpg,0.706580188679
7810074740.jpg,0.753217391304
4674436980.jpg,0.7116025641029999
8545722241.jpg,0.525625
368909912.jpg,0.583849557522
7100857351.jpg,0.77195754717
7162678728.jpg,0.635297619048
152780037.jpg,0.40655462184900004
8121591181.jpg,0.572571428571
8645919775.jpg,0.66777027027
8005430981.jpg,0.75625
8026326591.jpg,0.7222247706420001
11706252.jpg,0.32252118644100003
8128148667.jpg,0.7345
8182393998.jpg,0.4225
5645669819.jpg,0.5742410714289999
8498176247.jpg,0.58618
232327907.jpg,0.570861344538
6294913930.jpg,0.5875
8183790186.jpg,0.6469594594589999
2741661469.jpg,0.6900467289719999
5748221179.jpg,0.608672566372
5060158839.jpg,0.541330275229
8844582694.jpg,0.49035046729000004
5908187685.jpg,0.48265625
5693602630.jpg,0.442212389381
6063545051.jpg,0.465959821429
8130446271.jpg,0.609547413793
3043517594.jpg,0.6723130841120001
6988927721.jpg,0.809891304348
11546100824.jpg,0.707087155963
3874298550.jpg,0.6184375
463525569.jpg,0.690435779817
3505627590.jpg,0.40703125
10862487886.jpg,0.653037383178
7013643069.jpg,0.44662735849100005
4106517753.jpg,0.75108974359
5906582267.jpg,0.70975
8539118741.jpg,0.5292647058819999
7915889156.jpg,0.50722972973
5106008666.jpg,0.665330188679
4788033646.jpg,0.7559375
4764540278.jpg,0.6546186440680001
8126953338.jpg,0.637111486486
9876829794.jpg,0.7223695652169999
2410933503.jpg,0.7366875
5849666747.jpg,0.717803738318
5239610533.jpg,0.385069444444
4538412115.jpg,0.17707983193299998
3881103730.jpg,0.788156779661
3338894282.jpg,0.637311320755
7228274052.jpg,0.7254999999999999
4429773001.jpg,0.6975
7164723575.jpg,0.623684210526
4533734353.jpg,0.300223214286
9002438378.jpg,0.71884
3930941584.jpg,0.364527027027
8127846229.jpg,0.461540178571
2730274502.jpg,0.44676470588199996
5627914510.jpg,0.6800233644860001
8794313763.jpg,0.711949152542
5294769560.jpg,0.714318181818
7212441932.jpg,0.63395631068
7877688978.jpg,0.43378205128200004
6900924910.jpg,0.7119736842109999
163666873.jpg,0.44815126050400006
3734652007.jpg,0.541844660194
6002391220.jpg,0.702214285714
9898091624.jpg,0.502027027027
3471964559.jpg,0.7282352941179999
3154777716.jpg,0.558513513514
4331601397.jpg,0.6539194915250001
5217550500.jpg,0.297193396226
9318914214.jpg,0.5166875000000001
4353485101.jpg,0.32393805309699997
5773170451.jpg,0.62546460177
5240635967.jpg,0.7171428571430001
102995966.jpg,0.164600840336
10446770756.jpg,0.7302884615380001
9096574214.jpg,0.6325630252100001
6798563238.jpg,0.521019417476
5448376373.jpg,0.8295518867920001
8524995451.jpg,0.523581081081
7880797072.jpg,0.531985981308
2378761573.jpg,0.6454950495049999
10575593285.jpg,0.592126168224
287350518.jpg,0.335105932203
4819833644.jpg,0.23600840336099999
8933281660.jpg,0.588670212766
8930021210.jpg,0.555089285714
288435225.jpg,0.459734513274
7972772456.jpg,0.677891304348
9109124057.jpg,0.659331896552
3913177014.jpg,0.516282051282
9027689601.jpg,0.487521186441
9379457487.jpg,0.765758928571
7842127896.jpg,0.6967567567570001
3524216401.jpg,0.756391509434
823805862.jpg,0.321974789916
36869449.jpg,0.6462288135590001
6993723329.jpg,0.658851351351
904761358.jpg,0.467155963303
3475877294.jpg,0.293156779661
28173586.jpg,0.635862068966
4079839829.jpg,0.44110294117599996
5644717504.jpg,0.465575221239
9642249347.jpg,0.5325
9829643193.jpg,0.6915540540540001
5506716444.jpg,0.61775
7167167089.jpg,0.6489858490570001
6433692937.jpg,0.45774271844700004
5001626870.jpg,0.19675
47612135.jpg,0.655441176471
4950643421.jpg,0.635067567568
6201290598.jpg,0.656621621622
5946379420.jpg,0.544247572816
3304800536.jpg,0.33860169491500003
11369797883.jpg,0.740277777778
526762082.jpg,0.6783193277309999
2393187912.jpg,0.36482300885
2937429297.jpg,0.473040540541
6563980965.jpg,0.8116249999999999
8437453575.jpg,0.44528571428600006
6254765942.jpg,0.735841346154
6791631777.jpg,0.794845132743
5914848066.jpg,0.7413135593219999
8192992760.jpg,0.600135135135
528858440.jpg,0.36582608695700003
2952908030.jpg,0.502179487179
7470410498.jpg,0.578738938053
10713772814.jpg,0.6233018867919999
8438601990.jpg,0.66475
9518037590.jpg,0.763168103448
7744274780.jpg,0.68546875
677921002.jpg,0.6746261682239999
7866480612.jpg,0.724481132075
5480500661.jpg,0.528783783784
5646094610.jpg,0.565911214953
4141916319.jpg,0.723804347826
4638773413.jpg,0.616617647059
4370988573.jpg,0.39060924369699995
2667565926.jpg,0.6915540540540001
8353646596.jpg,0.67233490566
5143292163.jpg,0.607331730769
4425198356.jpg,0.661911764706
6167489115.jpg,0.689712389381
11209188974.jpg,0.669269911504
8883794004.jpg,0.5993990384619999
5325140020.jpg,0.532037815126
8148747862.jpg,0.75004950495
7578229060.jpg,0.7827500000000001
6837956899.jpg,0.566689189189
5172023888.jpg,0.606081081081
7730088582.jpg,0.3681875
2371669291.jpg,0.668601694915
5998921543.jpg,0.315107758621
9590947426.jpg,0.67657079646
9527980922.jpg,0.707430555556
9843144115.jpg,0.614276315789
7223815722.jpg,0.692834821429
4522459343.jpg,0.7525
7504875900.jpg,0.258236607143
9549856021.jpg,0.635693069307
8357037213.jpg,0.691949541284
9630240273.jpg,0.566701680672
628981585.jpg,0.7677521008399999
128715765.jpg,0.569772727273
4650909917.jpg,0.6975
8755673278.jpg,0.6484459459459999
7618408824.jpg,0.637
117172917.jpg,0.629789915966
9079493649.jpg,0.761418918919
10430335945.jpg,0.39974137931000003
8554330315.jpg,0.743738938053
9774901765.jpg,0.466399082569
4713092038.jpg,0.73935840708
155711788.jpg,0.13168749999999999
6799306335.jpg,0.21511467889900002
8387369354.jpg,0.7587394957979999
7124206301.jpg,0.317847222222
4423525827.jpg,0.47724299065399994
5619348479.jpg,0.41228571428599997
8688672632.jpg,0.771377118644
8539670364.jpg,0.583881578947
10224586444.jpg,0.37975000000000003
6211550250.jpg,0.510454545455
6193425785.jpg,0.694127358491
935105924.jpg,0.502441860465
5906624117.jpg,0.6964320388349999
3315383233.jpg,0.212905405405
4176378029.jpg,0.47950000000000004
11297504114.jpg,0.548899082569
92336148.jpg,0.6610625
2195703133.jpg,0.523982300885
8077601732.jpg,0.649
5666081630.jpg,0.687522123894
4889890723.jpg,0.58375
9217457237.jpg,0.740818584071
3647757599.jpg,0.555217391304
3494126077.jpg,0.7553947368420001
9725681826.jpg,0.664652777778
2746983219.jpg,0.675789473684
5492904052.jpg,0.43564159292
8225506418.jpg,0.734322033898
5003482891.jpg,0.6741949152540001
4814084144.jpg,0.630367647059
4324984866.jpg,0.633419811321
6292365384.jpg,0.375560344828
6644440429.jpg,0.39684873949599997
4868895324.jpg,0.7247499999999999
5200236444.jpg,0.657364864865
5835525141.jpg,0.7134999999999999
11229777185.jpg,0.660747663551
4967412135.jpg,0.675789473684
3654348116.jpg,0.562171052632
8617452211.jpg,0.629975247525
4690644950.jpg,0.6839955357140001
10375167904.jpg,0.624080188679
8323120996.jpg,0.673618421053
1348788122.jpg,0.496
7196416584.jpg,0.568820754717
8687755587.jpg,0.577023809524
3107236272.jpg,0.42465217391300003
4257293580.jpg,0.269978991597
10414716033.jpg,0.7108783783779999
7728764770.jpg,0.725514018692
5505953336.jpg,0.202731092437
4146534497.jpg,0.456036585366
8504503946.jpg,0.675689655172
6033104227.jpg,0.743738938053
4158327759.jpg,0.55140625
4281731487.jpg,0.78625
9432792818.jpg,0.5927027027030001
8501012764.jpg,0.512173913043
6579913923.jpg,0.6513478260869999
5802569891.jpg,0.537584033613
8816701721.jpg,0.497176724138
6354614287.jpg,0.493318584071
361037189.jpg,0.860487804878
7280314854.jpg,0.548459821429
6176401677.jpg,0.348168316832
8242266673.jpg,0.708694690265
8641533130.jpg,0.604717391304
9954707815.jpg,0.5616313559320001
7736601364.jpg,0.837209821429
11031973684.jpg,0.714745762712
7321293264.jpg,0.49077586206900004
6786638173.jpg,0.6715420560750001
5235142622.jpg,0.550995575221
11021929275.jpg,0.72175
3566137302.jpg,0.623175675676
10246318724.jpg,0.743581081081
5914999740.jpg,0.586013513514
4610304834.jpg,0.3956875
4042292027.jpg,0.5739870689659999
6264359892.jpg,0.72641025641
5575057872.jpg,0.573504464286
8042361563.jpg,0.7430088495580001
9494293866.jpg,0.329048672566
4499122119.jpg,0.292960526316
8377336301.jpg,0.7418055555559999
7005072091.jpg,0.14801401869199998
6643514423.jpg,0.688092105263
6458754563.jpg,0.690625
8648111033.jpg,0.500805084746
9071921017.jpg,0.615743243243
8458232440.jpg,0.625405405405
2799264783.jpg,0.744809322034
9629668489.jpg,0.744097222222
3576199867.jpg,0.7390000000000001
3111479555.jpg,0.372847222222
6186480885.jpg,0.621470588235
6486375983.jpg,0.206612149533
6837541080.jpg,0.729342105263
4631601517.jpg,0.477986725664
6208981295.jpg,0.659144736842
9141979363.jpg,0.64744140625
9070049178.jpg,0.7382500000000001
3331414151.jpg,0.588898305085
7123410119.jpg,0.775334821429
6793575356.jpg,0.577094594595
9587142056.jpg,0.7377678571430001
346617303.jpg,0.325267857143
4656581279.jpg,0.7115966386549999
7814162374.jpg,0.630223214286
8565023764.jpg,0.591842105263
4725890838.jpg,0.512173913043
2072843602.jpg,0.6399464285709999
8506941154.jpg,0.583881578947
7571378378.jpg,0.529220183486
5813122725.jpg,0.6610625
4391005979.jpg,0.473157894737
4632834953.jpg,0.662948717949
5651646348.jpg,0.691838235294
8488826556.jpg,0.7414508928569999
6016403844.jpg,0.836375
8883829297.jpg,0.604717391304
2459857216.jpg,0.7525
4980059014.jpg,0.602867647059
6153984860.jpg,0.53391025641
503291895.jpg,0.64391025641
3277170769.jpg,0.579097222222
4346999174.jpg,0.7237385321099999
3940105265.jpg,0.46161637931
5318152871.jpg,0.500240384615
8600750192.jpg,0.371842105263
5996648026.jpg,0.61247706422
3870343367.jpg,0.624705882353
7998553110.jpg,0.776970338983
4011871379.jpg,0.545192307692
8128298263.jpg,0.819802631579
706409343.jpg,0.720887850467
9784161203.jpg,0.2025
8600036440.jpg,0.431339285714
545103098.jpg,0.0834110169492
3927881802.jpg,0.631399082569
5469380265.jpg,0.594639423077
9535859777.jpg,0.625
5498162547.jpg,0.5315178571429999
160123908.jpg,0.6339495798320001
5513320745.jpg,0.6771394230769999
5361947887.jpg,0.629121621622
6106478357.jpg,0.584703389831
6880912844.jpg,0.6454729729730001
7024783845.jpg,0.461540178571
4835865863.jpg,0.566875
5408161730.jpg,0.318326271186
2510458503.jpg,0.7431739130430001
7191194360.jpg,0.477256637168
7111226249.jpg,0.673525641026
6533123895.jpg,0.742278761062
11338371864.jpg,0.688245192308
427196028.jpg,0.37623831775699995
5241841036.jpg,0.7751874999999999
5306390584.jpg,0.616486486486
10061596254.jpg,0.596418918919
94886803.jpg,0.7050624999999999
5276281329.jpg,0.540044247788
3825304964.jpg,0.5675
2753606061.jpg,0.622096774194
3888454309.jpg,0.251953781513
2588767665.jpg,0.610572033898
8639669088.jpg,0.6608333333330001
6881321836.jpg,0.18686643835600003
5343739846.jpg,0.46168750000000003
9074183822.jpg,0.39637500000000003
2486040810.jpg,0.5753043478259999
5737901450.jpg,0.7627272727269999
3856196713.jpg,0.7325862068969999
1465282532.jpg,0.356941964286
11054638863.jpg,0.610070754717
5347056182.jpg,0.17727064220199998
4597898813.jpg,0.56
5070455487.jpg,0.68849137931
4128658349.jpg,0.7401635514020001
2413968824.jpg,0.27736111111100004
7897296676.jpg,0.64421875
3985027264.jpg,0.400260869565
5023353600.jpg,0.525442477876
6304784314.jpg,0.283513513514
5508282751.jpg,0.7430921052630001
3804031946.jpg,0.721283783784
5064823395.jpg,0.412660550459
8486814802.jpg,0.73476635514
3992677101.jpg,0.216596638655
5531191792.jpg,0.40537735849100004
10773126784.jpg,0.78475
2239403255.jpg,0.7747115384619999
3937913166.jpg,0.710192307692
9463363154.jpg,0.639264705882
3820650799.jpg,0.350794392523
2201178081.jpg,0.551357142857
4143454418.jpg,0.565789473684
4446289911.jpg,0.3503125
3226455393.jpg,0.781486486486
9003236001.jpg,0.643205128205
5431342278.jpg,0.298050847458
8429194888.jpg,0.588960176991
6702441233.jpg,0.777608695652
1130601148.jpg,0.723804347826
8473167636.jpg,0.6707366071430001
6512617013.jpg,0.8026875
8618789190.jpg,0.749444444444
11432746805.jpg,0.6555625
9784668705.jpg,0.7091525423730001
4286933249.jpg,0.744097222222
5386032677.jpg,0.47983050847500003
3891717415.jpg,0.714196428571
3072804517.jpg,0.6311764705880001
5290554591.jpg,0.673716216216
6107208468.jpg,0.650630434783
11218793016.jpg,0.609173728814
6992326754.jpg,0.574121621622
9328342385.jpg,0.765672268908
4114019902.jpg,0.680668103448
3601352242.jpg,0.669294871795
560054684.jpg,0.21057339449499998
5527892107.jpg,0.638325892857
6860502754.jpg,0.370275229358
5560114332.jpg,0.4465
7923574034.jpg,0.576590909091
469890496.jpg,0.567224576271
4172859607.jpg,0.574121621622
8234020680.jpg,0.376131386861
4210983675.jpg,0.6058333333329999
326195053.jpg,0.509194915254
4410900135.jpg,0.258243243243
4841257153.jpg,0.5469491525419999
6239948477.jpg,0.461148648649
8211686846.jpg,0.523922018349
5938961229.jpg,0.595602678571
4781142781.jpg,0.5616313559320001
2349676135.jpg,0.37024999999999997
7979358830.jpg,0.727171052632
8515582085.jpg,0.676875
3828472247.jpg,0.552836134454
10931213005.jpg,0.470625
2614925521.jpg,0.29988532110099997
7132841089.jpg,0.72313559322
10299438733.jpg,0.552683486239
3773463532.jpg,0.8115366972479999
5594349841.jpg,0.73070754717
4441689311.jpg,0.608304347826
2910515798.jpg,0.657133027523
333145920.jpg,0.650423728814
5315386438.jpg,0.504300847458
8189726942.jpg,0.629826086957
6029275021.jpg,0.680221238938
9462111992.jpg,0.7912820512819999
6027079771.jpg,0.35620535714299995
3519364135.jpg,0.37254587156
4496338663.jpg,0.42789719626199996
8477555984.jpg,0.630223214286
8523540447.jpg,0.665458715596
3663960871.jpg,0.56856557377
11408091114.jpg,0.682411504425
5967293937.jpg,0.615
8895109111.jpg,0.48495327102799995
2178785463.jpg,0.582599009901
6180327231.jpg,0.837920353982
4671382441.jpg,0.74747826087
2725531293.jpg,0.46890625
11307198154.jpg,0.8079999999999999
7455819414.jpg,0.6229672897199999
5491791732.jpg,0.797944915254
7994018610.jpg,0.7224364406780001
7392719524.jpg,0.761142857143
2756512177.jpg,0.538584070796
7253541416.jpg,0.750055555556
3886718406.jpg,0.6563761467889999
4847954914.jpg,0.5449609375
4486733557.jpg,0.58975
9419143176.jpg,0.4825
8161767113.jpg,0.650287610619
9585740831.jpg,0.705560344828
3224700403.jpg,0.608125
278235103.jpg,0.39722972973
3146477274.jpg,0.460855263158
9780398791.jpg,0.684102564103
8248564902.jpg,0.7409210526319999
3838001890.jpg,0.473040540541
5396644364.jpg,0.73798
3175555002.jpg,0.646326086957
5407931669.jpg,0.736308411215
4194428227.jpg,0.7587394957979999
10126177964.jpg,0.709078947368
9201324227.jpg,0.6795758928569999
6182410940.jpg,0.654487179487
6039555736.jpg,0.773310810811
4719558314.jpg,0.23924778761100002
11153943035.jpg,0.602777777778
3931210821.jpg,0.552567567568
5890641011.jpg,0.6412385321099999
7854876374.jpg,0.563235294118
8349327834.jpg,0.4725
6621968211.jpg,0.558772321429
5266542779.jpg,0.64502293578
3208711501.jpg,0.73452970297
93917546.jpg,0.513319327731
189899579.jpg,0.45825000000000005
8301271447.jpg,0.635263157895
7506684932.jpg,0.755613207547
5684082265.jpg,0.692632743363
5090174589.jpg,0.3049375
9063333592.jpg,0.443125
5180679952.jpg,0.58536637931
6657359355.jpg,0.434911504425
8973350530.jpg,0.7240000000000001
11021514993.jpg,0.677432432432
10464940425.jpg,0.713851351351
6139148199.jpg,0.430675675676
6154181656.jpg,0.6266525423729999
10556629035.jpg,0.732821100917
8102502953.jpg,0.661238938053
5886709832.jpg,0.7022826086960001
4023598688.jpg,0.5307339449540001
2239987680.jpg,0.299121621622
9398081258.jpg,0.6824528301889999
8970878075.jpg,0.63025
4847844430.jpg,0.713805309735
5543308408.jpg,0.767625
11156365526.jpg,0.475882352941
4187118157.jpg,0.7610344827590001
3256723994.jpg,0.549933035714
8686047954.jpg,0.770178571429
1580074951.jpg,0.6758928571430001
2824487894.jpg,0.276911764706
8452514438.jpg,0.40776785714299996
4782608700.jpg,0.545192307692
10554234623.jpg,0.516092436975
6272884743.jpg,0.48805803571399997
2342012928.jpg,0.7208258928569999
8257636356.jpg,0.719345794393
7359378256.jpg,0.713805309735
3549424661.jpg,0.410125
8506109338.jpg,0.579180672269
8701800150.jpg,0.7131081081080001
9139175955.jpg,0.619504310345
6275395379.jpg,0.7208258928569999
4383247323.jpg,0.483050458716
9332496650.jpg,0.7767647058820001
7904310752.jpg,0.673650442478
9455543659.jpg,0.6958686440680001
6629226527.jpg,0.6789375
9470847928.jpg,0.823813559322
3485554199.jpg,0.503457943925
7777135010.jpg,0.388888888889
6459542105.jpg,0.5575
3708130060.jpg,0.525625
3885568060.jpg,0.7354310344830001
2991438895.jpg,0.380909090909
563494328.jpg,0.2568125
3630233855.jpg,0.599632352941
5777168643.jpg,0.6558974358970001
10395523125.jpg,0.605069444444
8501628435.jpg,0.647640186916
9214795039.jpg,0.318411214953
4545054058.jpg,0.247012711864
4156652933.jpg,0.625576923077
4598385226.jpg,0.5478066037739999
7395359632.jpg,0.215857142857
5219524859.jpg,0.463384955752
5886086971.jpg,0.44947115384600006
7974391613.jpg,0.779471153846
5932591132.jpg,0.185131578947
6071037995.jpg,0.259709821429
4883254364.jpg,0.683258928571
6983896045.jpg,0.601130434783
8128596449.jpg,0.52
5611315745.jpg,0.425446428571
9657446583.jpg,0.676111111111
3816407980.jpg,0.64343220339
6985836315.jpg,0.44330434782600003
3707022590.jpg,0.8152564102559999
5159845899.jpg,0.64225
859991088.jpg,0.145796460177
4633306112.jpg,0.331189320388
5320165275.jpg,0.70796460177
9479081195.jpg,0.360046728972
7460005346.jpg,0.624166666667
9512191283.jpg,0.79375
7276446104.jpg,0.703141025641
7914531096.jpg,0.7664955357140001
3856900502.jpg,0.708076923077
9042624878.jpg,0.783081896552
1799451312.jpg,0.6209459459459999
4541000790.jpg,0.797765486726
211603206.jpg,0.6547478991600001
7903714372.jpg,0.496
5973209084.jpg,0.19947033898299998
8674617206.jpg,0.515405405405
8537113381.jpg,0.470379464286
9135317445.jpg,0.258193277311
5359786621.jpg,0.715919811321
9581038288.jpg,0.657364864865
147783170.jpg,0.342079831933
7974813912.jpg,0.56275
3941788092.jpg,0.6524778761059999
6935652834.jpg,0.352375
7376910984.jpg,0.505723684211
4395388551.jpg,0.639495798319
4773302631.jpg,0.591880530973
5406869186.jpg,0.554660194175
8715170978.jpg,0.538874172185
6350910177.jpg,0.71506302521
5055213857.jpg,0.488194444444
5971762123.jpg,0.718616071429
3691978983.jpg,0.739698275862
460148364.jpg,0.45737804878
9768559232.jpg,0.6744594594589999
3396059055.jpg,0.425369565217
11341117543.jpg,0.616850961538
5291504812.jpg,0.602364864865
4094850958.jpg,0.29263888888899997
8634744119.jpg,0.7418055555559999
8933319583.jpg,0.362916666667
3856507445.jpg,0.596907894737
6459811757.jpg,0.682913043478
4397075898.jpg,0.710884955752
6911254247.jpg,0.685945378151
8627956046.jpg,0.7480405405410001
5289896585.jpg,0.750943396226
2538038277.jpg,0.6880252100840001
9326601195.jpg,0.774598214286
5802112389.jpg,0.6975
8197822329.jpg,0.37134999999999996
2225683996.jpg,0.735168067227
5715854575.jpg,0.468581081081
1466864952.jpg,0.473169291339
8179882827.jpg,0.730347222222
7956634196.jpg,0.515487288136
9406773963.jpg,0.206216216216
3304676774.jpg,0.634642857143
8305620668.jpg,0.306116071429
10829329963.jpg,0.78796728972
2848518668.jpg,0.617018348624
6192537618.jpg,0.719122137405
9618361879.jpg,0.744809322034
9913105155.jpg,0.72452173913
6237051127.jpg,0.581214285714
1360063696.jpg,0.7048165137610001
7539744490.jpg,0.610070754717
4791175187.jpg,0.6117647058819999
5335866018.jpg,0.581331775701
6200906518.jpg,0.600315533981
11382799454.jpg,0.720711009174
3652633823.jpg,0.718321428571
4336745838.jpg,0.619538834951
9866104216.jpg,0.49831081081100004
4376625237.jpg,0.41038990825699995
6125799438.jpg,0.772935779817
7233783308.jpg,0.643655462185
5503696409.jpg,0.551698113208
4718032191.jpg,0.588205128205
8669827233.jpg,0.658717948718
6985846441.jpg,0.614471153846
5536900966.jpg,0.739327731092
6452529101.jpg,0.662887931034
2251792086.jpg,0.583938848921
4204561283.jpg,0.287630434783
3164597811.jpg,0.6833571428570001
4396087406.jpg,0.594189189189
11004139923.jpg,0.682411504425
2640025600.jpg,0.47211956521700005
9225878690.jpg,0.550517241379
6408708033.jpg,0.477008928571
8553449461.jpg,0.712307692308
8600504349.jpg,0.6357547169810001
5496219084.jpg,0.8105555555559999
7732609964.jpg,0.7843421052630001
2801033102.jpg,0.434978991597
3076588969.jpg,0.631351351351
5364427287.jpg,0.692564102564
8610505282.jpg,0.7441806722690001
3606669688.jpg,0.602831858407
2937238676.jpg,0.535353773585
273181633.jpg,0.686792035398
5173344304.jpg,0.6277100840340001
8025466958.jpg,0.6492346938779999
8691658021.jpg,0.718125
3090534929.jpg,0.370320512821
3367044769.jpg,0.765672268908
3555094283.jpg,0.5593125
2844802224.jpg,0.525067567568
3923541475.jpg,0.549046610169
6452060589.jpg,0.620661764706
8941443262.jpg,0.657133027523
2620467173.jpg,0.536025641026
1794888173.jpg,0.49591101694899997
2365855574.jpg,0.623918918919
4764407251.jpg,0.560743243243
5277655082.jpg,0.47424999999999995
5233563523.jpg,0.678481308411
8746457937.jpg,0.472876106195
5644640425.jpg,0.681353211009
11139580153.jpg,0.45325000000000004
3118054377.jpg,0.637160194175
5101081807.jpg,0.726766055046
6936616730.jpg,0.53472972973
9318049470.jpg,0.70139380531
5364140480.jpg,0.614513274336
9211948856.jpg,0.56252293578
8533373653.jpg,0.596184210526
8938472188.jpg,0.27044117647099997
10898287705.jpg,0.442212389381
4343097092.jpg,0.6628260869570001
8330723470.jpg,0.717542372881
2634922777.jpg,0.35513761467899996
2489035588.jpg,0.409142857143
5028374263.jpg,0.307160194175
4001539544.jpg,0.42326388888899996
8362338513.jpg,0.48878205128200003
4215055375.jpg,0.36334905660399996
2652397944.jpg,0.703
2295909322.jpg,0.6975
8385356062.jpg,0.6383878504670001
6082438802.jpg,0.698986486486
7744189800.jpg,0.5425
316618516.jpg,0.337401574803
5680623261.jpg,0.658851351351
2653425342.jpg,0.584703389831
9369620513.jpg,0.768705357143
5962747.jpg,0.258181818182
3250534214.jpg,0.417521551724
6945819872.jpg,0.588199152542
11396447303.jpg,0.48010775862099997
5073566975.jpg,0.600301724138
5809947698.jpg,0.10723214285699999
4804088480.jpg,0.662216981132
5342778275.jpg,0.554646017699
9058722713.jpg,0.553940677966
2473938827.jpg,0.636440677966
2429849599.jpg,0.635428571429
5116959473.jpg,0.8283705357140001
2047083409.jpg,0.47536407767
61745002.jpg,0.47772727272700005
5095808820.jpg,0.358025210084
5494503911.jpg,0.7260091743120001
8697364440.jpg,0.6627631578950001
4629048299.jpg,0.20639380531
4743830608.jpg,0.68452
7312752876.jpg,0.505693277311
8628548669.jpg,0.660294117647
9528230846.jpg,0.730550458716
8045159223.jpg,0.472995689655
5078692396.jpg,0.6610625
8382215237.jpg,0.772775423729
8106933398.jpg,0.7452912621359999
3663369776.jpg,0.7462605042020001
8293797976.jpg,0.582740384615
3597613662.jpg,0.696490825688
8456262039.jpg,0.491973684211
9439964500.jpg,0.554811320755
390226070.jpg,0.722566371681
7492033480.jpg,0.593093220339
4732322374.jpg,0.758445945946
5905277829.jpg,0.570861344538
2232895391.jpg,0.46964285714299997
5514669907.jpg,0.7545625
7358286276.jpg,0.0705
4886277173.jpg,0.30024999999999996
6555285779.jpg,0.48032051282099997
7673801638.jpg,0.804336283186
6801568370.jpg,0.446071428571
6224309834.jpg,0.23305555555600002
6256953359.jpg,0.7202857142860001
3118439925.jpg,0.622432432432
8448710097.jpg,0.606422018349
6886337587.jpg,0.61889380531
5223615087.jpg,0.744676724138
10567114974.jpg,0.64847826087
8010069396.jpg,0.738275862069
10278246465.jpg,0.7084160305339999
6785846367.jpg,0.6925
6983491967.jpg,0.742476635514
382774042.jpg,0.208147321429
6332564856.jpg,0.61328125
8337813363.jpg,0.6873319327730001
5944469044.jpg,0.610456521739
4184866542.jpg,0.5820000000000001
8216243918.jpg,0.562160714286
4250403356.jpg,0.33237394958000005
3651951998.jpg,0.568276699029
5645503965.jpg,0.535642857143
6493347009.jpg,0.7555275229359999
7252678814.jpg,0.769594594595
2852195444.jpg,0.643509174312
10532663625.jpg,0.7025657894740001
9054377711.jpg,0.722146226415
8880877335.jpg,0.7202500000000001
8442383096.jpg,0.4315
3599779537.jpg,0.616165254237
5965181934.jpg,0.615257009346
5436442410.jpg,0.700394736842
8481450412.jpg,0.37225
63888840.jpg,0.456470588235
2034844231.jpg,0.610630841121
2828824744.jpg,0.412278761062
4258446622.jpg,0.600243902439
3206140446.jpg,0.6165277777779999
8321155777.jpg,0.532731092437
5524014245.jpg,0.609598214286
10770026303.jpg,0.7208258928569999
2475938786.jpg,0.313875
4172609703.jpg,0.390769230769
4196316000.jpg,0.3173125
4787504766.jpg,0.6215131578950001
7148484633.jpg,0.5833050847460001
6994871976.jpg,0.649
6711335759.jpg,0.751818181818
85240920.jpg,0.438863636364
9767151984.jpg,0.282573529412
9581108826.jpg,0.718859223301
2344211137.jpg,0.686351351351
7660478078.jpg,0.575714285714
4185039279.jpg,0.727542016807
5073500906.jpg,0.58825
8213296844.jpg,0.483411214953
8916833328.jpg,0.565452586207
7402614702.jpg,0.23725000000000002
5684894057.jpg,0.6032500000000001
10512432565.jpg,0.681785714286
4471526544.jpg,0.618262711864
4080731983.jpg,0.6618243243240001
9527733918.jpg,0.6781756756759999
5894107324.jpg,0.6566025641029999
1572804254.jpg,0.507844827586
8925668401.jpg,0.736
1429419760.jpg,0.684807692308
358438532.jpg,0.350117924528
10442628686.jpg,0.415810810811
6252195920.jpg,0.717542372881
7264923790.jpg,0.7711521739130001
2415334988.jpg,0.384094827586
5690703973.jpg,0.44676470588199996
6946374385.jpg,0.494048672566
9476907478.jpg,0.7642857142859999
3187135828.jpg,0.42174999999999996
8240220210.jpg,0.45231092437000003
5293214322.jpg,0.7206092436970001
8184075727.jpg,0.716725663717
8017805417.jpg,0.7589705882350001
9673401997.jpg,0.455065789474
8262966434.jpg,0.6316964285710001
10475435053.jpg,0.578487394958
8201796429.jpg,0.768705357143
8334314471.jpg,0.559214285714
9132059359.jpg,0.5521428571429999
2311702728.jpg,0.415133928571
11339056674.jpg,0.671633663366
8438943296.jpg,0.536293103448
5333965568.jpg,0.782291666667
5309442831.jpg,0.735131578947
5467862729.jpg,0.749579646018
8510431014.jpg,0.589101941748
4567215412.jpg,0.476714285714
5586376319.jpg,0.617853773585
3846071699.jpg,0.663503937008
2992631389.jpg,0.60064159292
3648316650.jpg,0.650321100917
6954547933.jpg,0.37103211009200004
8463285530.jpg,0.49495192307700003
6317292405.jpg,0.481428571429
4095785910.jpg,0.52046875
46116416.jpg,0.6820905172409999
5060000840.jpg,0.7525
6175479501.jpg,0.5967523364489999
10169304416.jpg,0.808716814159
8166756819.jpg,0.5306839622639999
11511265293.jpg,0.242767857143
233045618.jpg,0.408634453782
447697089.jpg,0.678481308411
4590098379.jpg,0.5558878504670001
4822559131.jpg,0.5193478260869999
2115915075.jpg,0.558086956522
6928560176.jpg,0.5220945945950001
3876523676.jpg,0.7221052631579999
8496923161.jpg,0.659205607477
6745774611.jpg,0.36200000000000004
11521791886.jpg,0.513839285714
3044304939.jpg,0.568995327103
3469092597.jpg,0.681148648649
155797839.jpg,0.7940966386549999
4532664267.jpg,0.437058823529
6943168420.jpg,0.616964285714
2305236722.jpg,0.254605263158
4965946284.jpg,0.52876
5304364574.jpg,0.625855263158
7572752818.jpg,0.679611650485
5712901839.jpg,0.501972477064
8691629871.jpg,0.492867647059
4495516735.jpg,0.638109243697
5573315618.jpg,0.470336134454
3545028223.jpg,0.584004237288
2383953966.jpg,0.655526315789
8663368144.jpg,0.702853982301
4731330377.jpg,0.5173749999999999
514498047.jpg,0.562455357143
9759154326.jpg,0.600783898305
7712722502.jpg,0.746760869565
5553150523.jpg,0.5424305555560001
11170786154.jpg,0.676932773109
2654797164.jpg,0.716357142857
9658774813.jpg,0.5975434782610001
7105123297.jpg,0.60599137931
3945869834.jpg,0.76
8461148661.jpg,0.470183486239
8465866576.jpg,0.722179487179
6694665963.jpg,0.44725000000000004
5847384440.jpg,0.6994642857140001
3895433023.jpg,0.5817608695650001
2234064642.jpg,0.44125
5543296873.jpg,0.694092920354
6976437867.jpg,0.716144067797
3904942577.jpg,0.182173913043
8269784088.jpg,0.457652173913
5496213154.jpg,0.73476635514
8465276999.jpg,0.721918103448
5402750878.jpg,0.34838983050800004
8929900709.jpg,0.623175675676
5536150022.jpg,0.23205607476600001
6114724699.jpg,0.44680803571399996
4845997437.jpg,0.49651869158899997
6801462257.jpg,0.6061029411759999
5005908077.jpg,0.6406355932200001
5095300668.jpg,0.760961538462
4752962359.jpg,0.573378378378
274390572.jpg,0.36516949152499995
7085880797.jpg,0.657547169811
4186216137.jpg,0.64820754717
4918979865.jpg,0.680760869565
3228786952.jpg,0.46791284403699995
6055173386.jpg,0.6969859813079999
11175382195.jpg,0.49442307692299997
7919265884.jpg,0.262702702703
5694228883.jpg,0.71447826087
9472829997.jpg,0.391206896552
416573735.jpg,0.392884615385
6974453710.jpg,0.47623853210999995
6733542819.jpg,0.600758928571
11293946974.jpg,0.759800884956
6407770545.jpg,0.613844537815
1408827056.jpg,0.306852678571
5844921100.jpg,0.686923076923
8393106944.jpg,0.222257281553
10538085833.jpg,0.526710526316
9029384629.jpg,0.30264150943400003
3289145933.jpg,0.583495145631
10814874265.jpg,0.782075471698
8398319915.jpg,0.7045512820509999
8572873286.jpg,0.58092920354
7739550292.jpg,0.56275
5964655534.jpg,0.49703947368400003
5041593593.jpg,0.478986486486
8268859988.jpg,0.416043478261
6933526580.jpg,0.650256410256
6534779805.jpg,0.343101503759
8985407469.jpg,0.64472972973
82421401.jpg,0.2155625
7288043746.jpg,0.430432692308
6441383857.jpg,0.741603773585
3722409963.jpg,0.341386554622
7468704128.jpg,0.790254237288
6099389158.jpg,0.364605263158
8923165653.jpg,0.571438053097
6210436753.jpg,0.43587837837800003
8914830252.jpg,0.6794078947369999
5667961686.jpg,0.772982758621
4157443022.jpg,0.736
3038577350.jpg,0.7200892857140001
6483140329.jpg,0.3125
2054743275.jpg,0.54625
7399670298.jpg,0.404407894737
3628605791.jpg,0.529957983193
6649624069.jpg,0.643456521739
522689278.jpg,0.55858974359
10694350076.jpg,0.731285714286
8635239066.jpg,0.65811440678
535787632.jpg,0.385995575221
10067457634.jpg,0.7843907563029999
5370538873.jpg,0.501381578947
6972495879.jpg,0.788073394495
6947720174.jpg,0.555338983051
6255855320.jpg,0.541330275229
4464186761.jpg,0.77725
8036386438.jpg,0.7525
3886757277.jpg,0.45859375
5365082886.jpg,0.677208737864
2683241926.jpg,0.6804872881359999
9708878805.jpg,0.6008783783780001
8399629946.jpg,0.649894957983
5999962453.jpg,0.8100229357800001
5562990409.jpg,0.7223695652169999
1314838096.jpg,0.6417567567570001
4389975585.jpg,0.602364864865
4246274521.jpg,0.644615384615
3241859937.jpg,0.662243589744
3295126634.jpg,0.377087155963
4504786016.jpg,0.453163716814
469009898.jpg,0.626370192308
4852617544.jpg,0.7220631067959999
6632573597.jpg,0.53125
2421862008.jpg,0.7574358974359999
2688944098.jpg,0.27471739130399997
5903930781.jpg,0.727669902913
1152554814.jpg,0.390147058824
3458950384.jpg,0.7540664556960001
6238203210.jpg,0.4740625
6959482720.jpg,0.7587394957979999
6811037194.jpg,0.381621621622
7242888546.jpg,0.497431192661
8709597894.jpg,0.6745
2795083224.jpg,0.668601694915
4164273130.jpg,0.761839622642
5968558261.jpg,0.7394736842109999
1317678723.jpg,0.389197247706
7505926112.jpg,0.632765486726
9240332205.jpg,0.6415000000000001
2678740354.jpg,0.584553571429
4981035833.jpg,0.6992499999999999
3939043948.jpg,0.4121875
9315620500.jpg,0.6903424657530001
8841877925.jpg,0.7475215517239999
95019293.jpg,0.37397058823499996
363482906.jpg,0.685381355932
4202847613.jpg,0.440665137615
6227862554.jpg,0.7119374999999999
8564706371.jpg,0.6958686440680001
8640671500.jpg,0.663888888889
3326988489.jpg,0.57375
4906735319.jpg,0.784583333333
9434602286.jpg,0.7600688073390001
7189997672.jpg,0.69625
7200434768.jpg,0.6495300751880001
5571612935.jpg,0.6427330508469999
361252644.jpg,0.43662162162199997
8232440995.jpg,0.6995183486240001
8287040167.jpg,0.450743243243
9426505697.jpg,0.41317391304300005
5134748445.jpg,0.647627118644
6450302367.jpg,0.614485981308
96655810.jpg,0.5661875
3142311257.jpg,0.595981308411
4407839974.jpg,0.615
11226958966.jpg,0.7295434782610001
8999325582.jpg,0.731327433628
4142940823.jpg,0.6609873949580001
6897675527.jpg,0.569935483871
5064515429.jpg,0.575178571429
7466229858.jpg,0.667053571429
4171644754.jpg,0.6403289473680001
10866463396.jpg,0.691029411765
1805206682.jpg,0.307876106195
8306749332.jpg,0.7252455357140001
7154088130.jpg,0.71506302521
8748661037.jpg,0.558296460177
3948731617.jpg,0.745688073394
4671409819.jpg,0.48276086956500003
2889734029.jpg,0.7462605042020001
5382913872.jpg,0.396673913043
8676061963.jpg,0.616227678571
10765812585.jpg,0.466448598131
3371032149.jpg,0.646544117647
163208499.jpg,0.273181818182
8091151386.jpg,0.276377118644
9230199139.jpg,0.6054347826090001
229400288.jpg,0.46375
3567613299.jpg,0.6789375
8962032549.jpg,0.6860194174759999
8240214052.jpg,0.374696261682
3989767571.jpg,0.550609756098
8925642155.jpg,0.681674528302
5261188573.jpg,0.593289473684
240236110.jpg,0.7282352941179999
4478081768.jpg,0.47051229508200004
5225674723.jpg,0.705138888889
277758418.jpg,0.556995798319
4947244.jpg,0.36181818181799996
6493679161.jpg,0.634876237624
9554062765.jpg,0.1523125
7387717156.jpg,0.39268907563
7644640634.jpg,0.402057522124
8300309247.jpg,0.416760869565
6628854085.jpg,0.526
6935047173.jpg,0.7427118644070001
5430352868.jpg,0.710884955752
507507455.jpg,0.7215625
9362231010.jpg,0.726375
4255843674.jpg,0.62875
8975567714.jpg,0.7466071428569999
2496466506.jpg,0.161376146789
285183593.jpg,0.208445945946
364777572.jpg,0.632433035714
2778039171.jpg,0.688581081081
5399327452.jpg,0.63325
6190085634.jpg,0.5188655462180001
8498296013.jpg,0.43625
611785273.jpg,0.32209905660399996
176663631.jpg,0.661818181818
9788787724.jpg,0.282027027027
5502038719.jpg,0.6505
7717158358.jpg,0.751756756757
8485208349.jpg,0.613394160584
4711101546.jpg,0.615504587156
9112120569.jpg,0.64421875
4325351330.jpg,0.523422330097
8554033162.jpg,0.7494158878499999
3078114304.jpg,0.208925233645
10799367156.jpg,0.736
6997098854.jpg,0.5325
8640408375.jpg,0.6603883495149999
5842712003.jpg,0.7035840707959999
8379707865.jpg,0.7109033613450001
5678174838.jpg,0.632794117647
11436378704.jpg,0.7933974358970001
456472871.jpg,0.625803571429
3961459513.jpg,0.741394230769
4730781966.jpg,0.287570093458
10077880165.jpg,0.312256637168
10068507976.jpg,0.576548672566
9657096738.jpg,0.582694174757
9058001335.jpg,0.5808705357139999
3515663938.jpg,0.734821428571
5863209284.jpg,0.6651874999999999
5532612839.jpg,0.5933928571429999
2017266.jpg,0.625953389831
68605475.jpg,0.46581249999999996
4525681285.jpg,0.472297297297
9245259823.jpg,0.7140533980579999
46766983.jpg,0.284294871795
5379331695.jpg,0.58825
9215122110.jpg,0.4435
5985353334.jpg,0.64502293578
4856036467.jpg,0.7197972972969999
9322027317.jpg,0.5875
7339049388.jpg,0.8042372881359999
3014908112.jpg,0.6771120689660001
5775598450.jpg,0.815321100917
10539341593.jpg,0.7502500000000001
8546838188.jpg,0.483097345133
9188365433.jpg,0.283814655172
5200584536.jpg,0.461924778761
2946225988.jpg,0.333370535714
6345773491.jpg,0.6908177570089999
4473061240.jpg,0.606081081081
5504474324.jpg,0.5424305555560001
7929526740.jpg,0.73031512605
3526523265.jpg,0.602565217391
7178199774.jpg,0.814932432432
6788530155.jpg,0.28975
7035194341.jpg,0.768851351351
5890838382.jpg,0.61375
2466673147.jpg,0.6956034482760001
11016309165.jpg,0.626891891892
8615148214.jpg,0.624625
3073970642.jpg,0.6844374999999999
2380962902.jpg,0.7211805555559999
3641084203.jpg,0.497567567568
10660571735.jpg,0.47702173913
10422425365.jpg,0.725723684211
5001719293.jpg,0.36936440678
8746191422.jpg,0.807759433962
4411284601.jpg,0.626282051282
3093374173.jpg,0.49262500000000004
5292802931.jpg,0.404077669903
6308479233.jpg,0.617894736842
2909358760.jpg,0.705152173913
3141055360.jpg,0.546973684211
1795186582.jpg,0.353378378378
9206978293.jpg,0.7427118644070001
8549600155.jpg,0.707162162162
2058985902.jpg,0.404247787611
8375633718.jpg,0.474226190476
9526511129.jpg,0.66484375
5842574442.jpg,0.802311320755
2899446484.jpg,0.3571875
3423724895.jpg,0.7380625000000001
7510638426.jpg,0.5406756756760001
5021524796.jpg,0.667079646018
6798891367.jpg,0.77732300885
6250057202.jpg,0.6915540540540001
6603102821.jpg,0.680405405405
6905574433.jpg,0.44277542372900003
8322643928.jpg,0.299115044248
4919695267.jpg,0.5550641025640001
3944642127.jpg,0.694470338983
7488642130.jpg,0.672152173913
7443887988.jpg,0.184326086957
9991658304.jpg,0.793378378378
9702908989.jpg,0.730140186916
86243803.jpg,0.39018749999999996
6462096609.jpg,0.512710280374
3494272101.jpg,0.698448275862
6986641462.jpg,0.7374347826090001
4845527109.jpg,0.733130434783
5075275205.jpg,0.7600625
6326811967.jpg,0.646025641026
4338156096.jpg,0.64421875
11372421485.jpg,0.65685840708
5498003598.jpg,0.641272321429
5932756634.jpg,0.64847826087
275983561.jpg,0.507270642202
11256485296.jpg,0.619044117647
3225993642.jpg,0.491892523364
147639760.jpg,0.4740625
7526135750.jpg,0.511932773109
5071049710.jpg,0.510546218487
7411918198.jpg,0.49311440677999996
4925344781.jpg,0.728407079646
3464988666.jpg,0.15325
6564623827.jpg,0.739915254237
9050865219.jpg,0.750972222222
11245781693.jpg,0.67515625
6668846319.jpg,0.616964285714
7751690228.jpg,0.716169724771
2889093136.jpg,0.647121848739
6543602941.jpg,0.553185840708
2473676566.jpg,0.150608695652
8938035476.jpg,0.712385321101
1295925783.jpg,0.308040540541
4572287798.jpg,0.503565217391
8638507719.jpg,0.72925
2798808586.jpg,0.621559633028
2434624532.jpg,0.289230769231
7240407408.jpg,0.621875
3228957282.jpg,0.695282258065
4731015701.jpg,0.544078947368
7538254742.jpg,0.541830357143
11252644224.jpg,0.6458726415089999
10583786994.jpg,0.601880733945
11253432804.jpg,0.6120270270270001
8320017511.jpg,0.7702801724139999
6979363295.jpg,0.6495642201830001
9482188665.jpg,0.690263157895
9541303452.jpg,0.414942748092
3132104449.jpg,0.748571428571
8418966442.jpg,0.465483193277
767916820.jpg,0.712867647059
1572596360.jpg,0.560252293578
7391334516.jpg,0.684864864865
7689540594.jpg,0.80536407767
411025625.jpg,0.718931034483
9176321809.jpg,0.691361607143
8612503268.jpg,0.70254587156
10740242265.jpg,0.69119266055
145215893.jpg,0.10143750000000001
4712201579.jpg,0.721658878505
156117321.jpg,0.322668067227
3796455854.jpg,0.590527522936
9185478102.jpg,0.42789719626199996
3874382715.jpg,0.32572115384600003
8270648540.jpg,0.6085
6128851294.jpg,0.647565789474
5276579774.jpg,0.541982758621
3502153355.jpg,0.63860619469
6909297506.jpg,0.520277777778
8040993311.jpg,0.288961864407
10899733355.jpg,0.7399045801530001
6696229175.jpg,0.308040540541
2576250575.jpg,0.505
3260477963.jpg,0.49674999999999997
11460414725.jpg,0.7195
4966132108.jpg,0.566262376238
5138308179.jpg,0.409473684211
3013640771.jpg,0.709776785714
5909804133.jpg,0.486418918919
3250381402.jpg,0.314857142857
33000255.jpg,0.0470550847458
4585004484.jpg,0.574347826087
6678741473.jpg,0.748119469027
5286251169.jpg,0.621559633028
9625551668.jpg,0.46942660550500004
10893404795.jpg,0.36876146789
331340631.jpg,0.5140126050420001
5001805928.jpg,0.401689189189
7407428670.jpg,0.596826086957
7870300862.jpg,0.485423728814
5438123525.jpg,0.412543103448
7703482662.jpg,0.704903846154
8482992711.jpg,0.567923728814
2807676440.jpg,0.6317499999999999
4542216557.jpg,0.716009615385
6661527913.jpg,0.701959459459
4136576616.jpg,0.6844374999999999
8746881284.jpg,0.44348684210499995
9633489441.jpg,0.32259174311899996
6838263860.jpg,0.396896551724
5079448176.jpg,0.6881779661020001
7352368166.jpg,0.735694444444
5243954323.jpg,0.49442307692299997
6331865739.jpg,0.6846017699120001
8285094496.jpg,0.610378151261
7945344572.jpg,0.583571428571
502416007.jpg,0.380871559633
2255689742.jpg,0.5875
8553130419.jpg,0.628378378378
5966496820.jpg,0.7027027027030001
9562837541.jpg,0.770434782609
3376034906.jpg,0.33376050420200004
5064264405.jpg,0.589597457627
5913086401.jpg,0.26725
9213073517.jpg,0.595
3317434594.jpg,0.406282051282
5598111719.jpg,0.585928571429
3444483519.jpg,0.6616806722690001
2838554535.jpg,0.399867256637
6642761299.jpg,0.5902871621620001
122553631.jpg,0.3785
104219737.jpg,0.502954545455
5097621606.jpg,0.622316513761
10582113466.jpg,0.581607142857
6178888063.jpg,0.623918918919
528982659.jpg,0.426919642857
7225479532.jpg,0.611298076923
404033442.jpg,0.628050847458
9460489511.jpg,0.6794078947369999
9304786049.jpg,0.7393925233640001
3418667339.jpg,0.618004201681
5117589590.jpg,0.695108695652
9428417271.jpg,0.69325
6663775735.jpg,0.721283783784
9029712750.jpg,0.712326086957
5671373340.jpg,0.686205357143
80184044.jpg,0.0391176470588
6261187277.jpg,0.50725
56278886.jpg,0.424615384615
9256620726.jpg,0.810691964286
6237907286.jpg,0.6714732142859999
5974719661.jpg,0.270084745763
8339615907.jpg,0.417873831776
8397014400.jpg,0.529892241379
5094262203.jpg,0.6873319327730001
1159028861.jpg,0.7291249999999999
255478501.jpg,0.0876470588235
4056860839.jpg,0.7740217391299999
3332423009.jpg,0.502828947368
4945508144.jpg,0.512051282051
4647732482.jpg,0.668513513514
288113726.jpg,0.22012820512800002
10770700455.jpg,0.6074375
3670445078.jpg,0.317397260274
5017205636.jpg,0.624509345794
7143312581.jpg,0.568577981651
5073919092.jpg,0.471852678571
3576771116.jpg,0.52997706422
8231492407.jpg,0.664107142857
9524699151.jpg,0.773304347826
5580904626.jpg,0.728598130841
1896792999.jpg,0.677783018868
8109380358.jpg,0.475487804878
6068776554.jpg,0.61232300885
9317715562.jpg,0.49831081081100004
10880314705.jpg,0.7742105263160001
8244017611.jpg,0.622196261682
6096713881.jpg,0.404077669903
6188375845.jpg,0.396185344828
6293629106.jpg,0.448183962264
91357025.jpg,0.645042016807
6087844508.jpg,0.718915929204
3697878601.jpg,0.7812276785710001
4430662019.jpg,0.49241525423699994
2064690658.jpg,0.40789823008799997
8858418581.jpg,0.796305309735
7355960902.jpg,0.399137168142
8731143356.jpg,0.6542857142859999
8450836581.jpg,0.7053571428569999
6891623153.jpg,0.559762931034
9225485643.jpg,0.641981132075
274223521.jpg,0.329976635514
9660068454.jpg,0.599174528302
11172371243.jpg,0.758785714286
128079586.jpg,0.5764075630250001
6249554399.jpg,0.6728947368420001
8743944148.jpg,0.35932432432399997
8283257984.jpg,0.371565217391
4246970583.jpg,0.28871621621599997
2331420998.jpg,0.474869565217
4054655583.jpg,0.506571428571
6098945608.jpg,0.74747826087
8217034676.jpg,0.1195
6952277665.jpg,0.48493243243199996
5836498446.jpg,0.676292372881
5323234112.jpg,0.515760869565
7806389418.jpg,0.7176834862389999
5017257541.jpg,0.723259493671
6778568929.jpg,0.61731092437
416910261.jpg,0.302155963303
3961390501.jpg,0.740389908257
5016657118.jpg,0.49445488721799996
8121424411.jpg,0.439151376147
10678199353.jpg,0.703611111111
6996280620.jpg,0.447884615385
8667622533.jpg,0.8084821428569999
7270764894.jpg,0.702004310345
306264588.jpg,0.202013274336
8703712845.jpg,0.59814516129
4647260189.jpg,0.70025
5317045814.jpg,0.66621559633
7987564601.jpg,0.584553571429
6612589223.jpg,0.432617924528
5965102816.jpg,0.759779411765
8545406642.jpg,0.6865000000000001
8113245382.jpg,0.7903125
5235352004.jpg,0.426880530973
8183781293.jpg,0.38907327586199997
6974573719.jpg,0.751039823009
3551648026.jpg,0.565202702703
7994313310.jpg,0.700858778626
7021084115.jpg,0.760614754098
10458703674.jpg,0.381615044248
6798101803.jpg,0.698285714286
5645276165.jpg,0.635810810811
5394508968.jpg,0.6715714285709999
3686287517.jpg,0.467094594595
11356760053.jpg,0.733577981651
271837545.jpg,0.7941216216220001
2700852747.jpg,0.55511682243
5580400310.jpg,0.569247787611
5799422140.jpg,0.44777027027000005
10698962263.jpg,0.39110619469
11062902804.jpg,0.6991176470589999
7690007638.jpg,0.5875
3420154563.jpg,0.5273728813559999
8131856300.jpg,0.6930405405410001
3569259520.jpg,0.594932432432
4124667437.jpg,0.42770270270300004
3847965007.jpg,0.43
6665024915.jpg,0.542631578947
8385411442.jpg,0.6897435897440001
6832136083.jpg,0.348102678571
4565683087.jpg,0.8036805555559999
8539488665.jpg,0.636074766355
3886483510.jpg,0.728701923077
2347131131.jpg,0.61731092437
5628766419.jpg,0.472961165049
1075190309.jpg,0.382697368421
26842976.jpg,0.395233050847
5064578225.jpg,0.67
5494614015.jpg,0.6513970588239999
5867990992.jpg,0.408152173913
206294085.jpg,0.26987500000000003
6332883956.jpg,0.16899999999999998
5000010668.jpg,0.556836283186
8203914551.jpg,0.787196261682
8692247074.jpg,0.781341463415
6977491270.jpg,0.710114678899
5725492383.jpg,0.638064516129
6481674971.jpg,0.53425
9113486865.jpg,0.766378504673
2097618827.jpg,0.35858108108099995
6550772311.jpg,0.6452500000000001
10029841663.jpg,0.70125
10358252894.jpg,0.644615384615
3697530291.jpg,0.820064655172
10329235193.jpg,0.841292372881
2389241544.jpg,0.511
6274128274.jpg,0.611173913043
9119961649.jpg,0.8110256410259999
6264326921.jpg,0.439441964286
5784134624.jpg,0.410512820513
5581852297.jpg,0.29462499999999997
3233213622.jpg,0.6547478991600001
3812031514.jpg,0.709851694915
5588569639.jpg,0.737898230088
7787028496.jpg,0.48153669724799997
2422029745.jpg,0.270486111111
6537150655.jpg,0.798413043478
9766930762.jpg,0.426216216216
2409675838.jpg,0.37189075630300006
352744670.jpg,0.143783783784
4568018818.jpg,0.730127118644
8267153015.jpg,0.755420353982
320987228.jpg,0.834306722689
5650628470.jpg,0.562607758621
5599685670.jpg,0.626148648649
7360550332.jpg,0.725763888889
6829439085.jpg,0.555769230769
8529541053.jpg,0.57285046729
8602435402.jpg,0.7619911504419999
6132687448.jpg,0.584527027027
4353430545.jpg,0.272697368421
10911046243.jpg,0.762339449541
8115151138.jpg,0.6459375
2234060892.jpg,0.277763157895
8944011983.jpg,0.29434466019399996
6641795483.jpg,0.726848739496
2111309017.jpg,0.7142499999999999
5047082376.jpg,0.663653846154
133829142.jpg,0.23412500000000003
9910043795.jpg,0.728407079646
6956736634.jpg,0.723625
169625095.jpg,0.43983193277300003
4669146975.jpg,0.41633177570100005
3423896683.jpg,0.687837837838
8703680136.jpg,0.333125
9295408685.jpg,0.585091240876
10110458216.jpg,0.6472935779819999
4991538106.jpg,0.6086926605499999
5925110976.jpg,0.319551282051
7736819994.jpg,0.5875
525227728.jpg,0.7699788135590001
4231049527.jpg,0.543303571429
5012894248.jpg,0.6592391304349999
2426998006.jpg,0.5753043478259999
10680715605.jpg,0.373
8683573016.jpg,0.6062184873950001
5150554440.jpg,0.484557522124
4333476367.jpg,0.2925625
5418130754.jpg,0.213130252101
9569732421.jpg,0.625694444444
5254718076.jpg,0.411548672566
6066562802.jpg,0.69322815534
5964504987.jpg,0.7001304347830001
4563172093.jpg,0.71125
8015825692.jpg,0.6658750000000001
4420506536.jpg,0.6913125
5856265647.jpg,0.7595714285709999
2154184161.jpg,0.536890756303
4857542718.jpg,0.740304347826
2096424103.jpg,0.548851351351
9346160455.jpg,0.707693965517
7033769199.jpg,0.541504424779
8442858810.jpg,0.53078125
4132747677.jpg,0.6264583333329999
5887936508.jpg,0.6975
6540737111.jpg,0.533243243243
8675742263.jpg,0.7430088495580001
81292981.jpg,0.176375
5359274053.jpg,0.280572033898
8412287695.jpg,0.659868421053
5271307677.jpg,0.54755952381
8186224852.jpg,0.666533613445
4764809752.jpg,0.5533620689659999
3147348702.jpg,0.465483193277
8501713418.jpg,0.776970338983
3394722862.jpg,0.50121559633
5040119968.jpg,0.348325688073
3254432034.jpg,0.605525210084
7179426262.jpg,0.655486111111
9138793182.jpg,0.18618644067799997
10186680555.jpg,0.5533620689659999
3676465885.jpg,0.604423076923
6052981024.jpg,0.66925
110356262.jpg,0.35924999999999996
5437565452.jpg,0.627635135135
6246977871.jpg,0.258243243243
5557351990.jpg,0.402057522124
8305612260.jpg,0.603066037736
7465586874.jpg,0.653207964602
2904731239.jpg,0.638881578947
1057997640.jpg,0.52775862069
154740129.jpg,0.076
430961914.jpg,0.6934698275860001
2169516596.jpg,0.609054054054
4206098907.jpg,0.437867647059
8331607175.jpg,0.707754237288
6000772290.jpg,0.781486486486
2977820017.jpg,0.625855263158
3487085790.jpg,0.690442477876
3157096755.jpg,0.547648305085
3440235836.jpg,0.372282608696
6464821041.jpg,0.606482300885
5919706356.jpg,0.472876106195
2659313316.jpg,0.719345794393
8997198808.jpg,0.7374347826090001
6609931137.jpg,0.672115384615
8417650354.jpg,0.6930405405410001
6398001637.jpg,0.789804347826
9823108104.jpg,0.699027777778
8631292769.jpg,0.722146226415
6027104916.jpg,0.6881651376150001
2964711556.jpg,0.714196428571
4336185725.jpg,0.685894495413
8724561762.jpg,0.682635135135
3741472599.jpg,0.6425
3364202369.jpg,0.761839622642
6399276439.jpg,0.71575
5130906829.jpg,0.613783185841
9657450632.jpg,0.647565789474
4463467980.jpg,0.8081875
10319186405.jpg,0.555540540541
6818984013.jpg,0.49591101694899997
5956733523.jpg,0.604441964286
7845980046.jpg,0.757798165138
8986260148.jpg,0.7486448598130001
4539567531.jpg,0.486584821429
11459826225.jpg,0.62875
3466610103.jpg,0.7035593220340001
8724425373.jpg,0.606702586207
6686438027.jpg,0.69175
7300513490.jpg,0.623402777778
9519070785.jpg,0.692878151261
3539454254.jpg,0.6126694915249999
5071912841.jpg,0.642739130435
6443396365.jpg,0.560233050847
4562682674.jpg,0.398928571429
9212610328.jpg,0.729621848739
141087919.jpg,0.795483193277
5692339429.jpg,0.720217391304
2170460897.jpg,0.471415929204
160981911.jpg,0.6425
5804026649.jpg,0.777457983193
2808286292.jpg,0.723552631579
6317074483.jpg,0.668658536585
8841313273.jpg,0.795306603774
7685277932.jpg,0.625
5005406987.jpg,0.676991525424
7726222874.jpg,0.22006302520999999
5679411319.jpg,0.707754237288
2502332369.jpg,0.664393203883
2490462635.jpg,0.5836084905660001
8226831484.jpg,0.545538793103
8084074435.jpg,0.294428571429
8518560636.jpg,0.550195652174
8262794558.jpg,0.445334821429
8749825399.jpg,0.772178899083
4434357623.jpg,0.715444915254
10686332213.jpg,0.574216101695
5765377670.jpg,0.698665254237
4232014784.jpg,0.0925
4394545032.jpg,0.51964953271
6379443681.jpg,0.47921875
8693045087.jpg,0.838556034483
3016815898.jpg,0.488361344538
3323033903.jpg,0.262702702703
372866056.jpg,0.44520642201800004
11095381506.jpg,0.7675
967548785.jpg,0.485138888889
8431773301.jpg,0.669263392857
480626798.jpg,0.253340336134
11016485883.jpg,0.681785714286
6440356973.jpg,0.524678899083
1249337589.jpg,0.7230869565220001
4511318356.jpg,0.7212621359220001
8003027258.jpg,0.520420560748
4127387822.jpg,0.7553448275860001
6391919133.jpg,0.644446902655
7900291786.jpg,0.640535714286
2199106763.jpg,0.50775
5177309012.jpg,0.66175
374612387.jpg,0.641334745763
7875370780.jpg,0.67640776699
5941759615.jpg,0.337847826087
4936086328.jpg,0.731875
2145860500.jpg,0.627276785714
2933417983.jpg,0.374551282051
57501165.jpg,0.518983050847
3548223665.jpg,0.42907079646
6730791971.jpg,0.731262376238
6279019362.jpg,0.62552173913
5197308883.jpg,0.693072033898
1487386722.jpg,0.289459459459
3615562.jpg,0.243516949153
6960806686.jpg,0.609598214286
6199923383.jpg,0.472311320755
6324713970.jpg,0.776071428571
16079437.jpg,0.5308686440679999
7334314036.jpg,0.7525
99355212.jpg,0.612045454545
3307215666.jpg,0.505705128205
3767933394.jpg,0.750943396226
7788745946.jpg,0.728108695652
8306770184.jpg,0.653808411215
6538847583.jpg,0.647083333333
3734378087.jpg,0.465125
2286627596.jpg,0.375656779661
6902342114.jpg,0.478014018692
5202282320.jpg,0.768421052632
8486986414.jpg,0.616732283465
3435545140.jpg,0.466546610169
5399186343.jpg,0.600672268908
8886401995.jpg,0.7291509433960001
7046294773.jpg,0.729665178571
7543713322.jpg,0.7001304347830001
9131467707.jpg,0.6856465517239999
5569285371.jpg,0.706050420168
7094182327.jpg,0.516092436975
2199696686.jpg,0.755995762712
8918997719.jpg,0.606081081081
9101482614.jpg,0.68546875
5956532834.jpg,0.197706422018
5478757587.jpg,0.6908177570089999
8666962145.jpg,0.586769911504
2822019435.jpg,0.708551401869
7996349699.jpg,0.5708552631580001
2730850462.jpg,0.6321559633030001
5994198578.jpg,0.7094871794869999
137731604.jpg,0.215903361345
5685822958.jpg,0.796696428571
8267353806.jpg,0.707566964286
7506629916.jpg,0.426150442478
4319921272.jpg,0.407635135135
6299847089.jpg,0.6766294642859999
5115968572.jpg,0.626956521739
5839793009.jpg,0.6433870967740001
4005164524.jpg,0.427620689655
9215861266.jpg,0.56275
2549004146.jpg,0.41774038461499996
3787014324.jpg,0.524038461538
6837228368.jpg,0.6951694915250001
1063722220.jpg,0.560233050847
4722588778.jpg,0.724508928571
5533853499.jpg,0.631369047619
6963387147.jpg,0.56171875
9333294037.jpg,0.621689189189
7736222330.jpg,0.583495145631
7238585598.jpg,0.664889380531
4100631766.jpg,0.420986238532
6024842797.jpg,0.369203539823
11436390143.jpg,0.724481132075
6328014889.jpg,0.62004587156
9257237144.jpg,0.55725
9109271301.jpg,0.717803738318
8033033726.jpg,0.793378378378
8142864218.jpg,0.6625
6038209414.jpg,0.677638888889
6720918207.jpg,0.48974789916
3369391628.jpg,0.703
90834437.jpg,0.8363865546220001
1306121832.jpg,0.301305309735
6211562802.jpg,0.622457627119
2500167386.jpg,0.794807692308
5950379360.jpg,0.717347826087
8350811947.jpg,0.805066371681
9064490305.jpg,0.699791666667
5596270310.jpg,0.608714285714
6031428768.jpg,0.767697368421
3758613590.jpg,0.602637614679
6738986329.jpg,0.706666666667
6515985695.jpg,0.279598214286
6422846525.jpg,0.716169724771
8003576007.jpg,0.654078947368
2041755502.jpg,0.741064356436
2965834083.jpg,0.8177500000000001
6846869922.jpg,0.649375
6071930227.jpg,0.2114375
9384228809.jpg,0.6610625
4907901600.jpg,0.6820905172409999
640351831.jpg,0.696776315789
6091930648.jpg,0.688718487395
5502130313.jpg,0.5292647058819999
5004699048.jpg,0.696052631579
8035478082.jpg,0.287570093458
2020522728.jpg,0.657747524752
8138101923.jpg,0.633071428571
8258234240.jpg,0.730641025641
7131884003.jpg,0.631546610169
6997268609.jpg,0.334797297297
7181400642.jpg,0.4165
7048841203.jpg,0.742476635514
4084687519.jpg,0.685945378151
11426976205.jpg,0.35188559322
4484527101.jpg,0.66325
4987318624.jpg,0.445
2539036531.jpg,0.7056567796609999
6318820907.jpg,0.6188194444439999
10733259996.jpg,0.623197115385
8118290739.jpg,0.576644736842
5700224418.jpg,0.5087162162159999
8987485650.jpg,0.45859375
6282202152.jpg,0.7247629310339999
5483567910.jpg,0.71640625
5236886996.jpg,0.730401785714
4890155523.jpg,0.7475827814570001
2204368170.jpg,0.44277542372900003
8406395791.jpg,0.690442477876
35311267.jpg,0.269978991597
4761960995.jpg,0.559191176471
7288524676.jpg,0.6425
8348113359.jpg,0.223389423077
9527678556.jpg,0.6574285714289999
6092043977.jpg,0.681785714286
5586890749.jpg,0.69475
6341153287.jpg,0.6826923076920001
5536240490.jpg,0.489934782609
6084731334.jpg,0.389197247706
10221144393.jpg,0.18275641025599998
6385141033.jpg,0.512783018868
7627158600.jpg,0.614485981308
7964487966.jpg,0.79975
8728752853.jpg,0.67222972973
3464327257.jpg,0.489579439252
4201088382.jpg,0.5758125
6844398521.jpg,0.583119469027
2182811741.jpg,0.686176470588
7339736582.jpg,0.708551401869
5958527369.jpg,0.761588983051
4193122125.jpg,0.5972500000000001
8776151757.jpg,0.647702702703
4432333136.jpg,0.232908653846
6834514891.jpg,0.288081896552
6063249330.jpg,0.58825
7769932398.jpg,0.695553097345
5673514295.jpg,0.703277310924
11527524903.jpg,0.33697247706399996
8246841627.jpg,0.8228899082569999
5847408057.jpg,0.747389380531
5540094499.jpg,0.722146226415
2954406623.jpg,0.263739495798
9467289840.jpg,0.589615384615
254969296.jpg,0.517478991597
10329149264.jpg,0.7197972972969999
8921955477.jpg,0.704663865546
3077228870.jpg,0.34305555555600004
9688720350.jpg,0.527706422018
5198260109.jpg,0.595138888889
5893291303.jpg,0.6410526315789999
3729465678.jpg,0.337828947368
6022545118.jpg,0.458073394495
9495726171.jpg,0.753199152542
8446141044.jpg,0.633333333333
2425646672.jpg,0.537860169492
63920904.jpg,0.515227272727
9653701546.jpg,0.5428125
8210031777.jpg,0.651747787611
3324248317.jpg,0.596418918919
9743636678.jpg,0.294004424779
5209102120.jpg,0.715128205128
8041921391.jpg,0.7195
2070418201.jpg,0.46810975609800004
2590631506.jpg,0.7875624999999999
6032331327.jpg,0.5831956521739999
4297599043.jpg,0.637
9375359458.jpg,0.6582142857140001
2557729909.jpg,0.7712804878049999
8909034593.jpg,0.788156779661
4081025902.jpg,0.439868421053
2718449902.jpg,0.36179245283
4555936051.jpg,0.7469537815130001
10458591.jpg,0.5148717948720001
5795183898.jpg,0.674304347826
6171205916.jpg,0.5670642201830001
6521275803.jpg,0.366214953271
7219295732.jpg,0.44125
8050471028.jpg,0.758189655172
7247521810.jpg,0.3434375
5423639636.jpg,0.625423387097
9059681059.jpg,0.697233009709
395036065.jpg,0.274325657895
8386378049.jpg,0.666283783784
7116112855.jpg,0.557828947368
3309773235.jpg,0.442178899083
5621762674.jpg,0.81320754717
6796559908.jpg,0.340717391304
8281818195.jpg,0.36956249999999996
9934338535.jpg,0.729369158879
252435496.jpg,0.333125
4404389524.jpg,0.42993243243199997
9822707366.jpg,0.740277777778
8333161105.jpg,0.70796460177
7692418948.jpg,0.584630434783
6892553923.jpg,0.475328947368
4501585211.jpg,0.220995575221
6834902092.jpg,0.600526315789
8607616136.jpg,0.432205882353
7999186610.jpg,0.522522123894
7622957154.jpg,0.758846153846
7154960969.jpg,0.548043478261
2256741921.jpg,0.45817567567600004
5086754457.jpg,0.670778301887
6407934435.jpg,0.728716216216
6098070477.jpg,0.6499324324319999
10660362264.jpg,0.778932038835
3381533789.jpg,0.30264150943400003
5538859369.jpg,0.6677500000000001
6113347868.jpg,0.5175847457630001
5900853532.jpg,0.506513761468
594061158.jpg,0.772586956522
2298963655.jpg,0.725514018692
6237287200.jpg,0.367254464286
9496059717.jpg,0.700663716814
6041797981.jpg,0.648411214953
6966908551.jpg,0.606775700935
5254421603.jpg,0.7119612068969999
7192279956.jpg,0.6320945945950001
8600472805.jpg,0.746659292035
6121503317.jpg,0.7448611111110001
6074442813.jpg,0.650460526316
9584563009.jpg,0.592388888889
6595488751.jpg,0.64343220339
5507113852.jpg,0.6651470588239999
8449623916.jpg,0.7090000000000001
6141644899.jpg,0.70139380531
7033122257.jpg,0.553254716981
4644913731.jpg,0.5868125
7645259944.jpg,0.40205128205100005
4985166775.jpg,0.6060625000000001
3115128591.jpg,0.490398230088
1428835063.jpg,0.52775862069
3861043546.jpg,0.7259821428569999
6035124340.jpg,0.7377678571430001
5700592133.jpg,0.7591294642859999
3954258141.jpg,0.653348623853
6329144585.jpg,0.303256302521
6253604200.jpg,0.674935897436
4346944645.jpg,0.680043478261
4512123861.jpg,0.742423664122
2643679552.jpg,0.723834745763
3051112804.jpg,0.339288793103
9444126747.jpg,0.712406542056
950420073.jpg,0.689324324324
4515954109.jpg,0.200651260504
2841048687.jpg,0.5569444444439999
3161274755.jpg,0.6715420560750001
8083395637.jpg,0.7452631578950001
5993545370.jpg,0.724026548673
4900565313.jpg,0.494485294118
9373483438.jpg,0.6881651376150001
9527961628.jpg,0.563367346939
6301736669.jpg,0.610769230769
6496266341.jpg,0.358982300885
7583515.jpg,0.31781512605
3202755866.jpg,0.751800847458
5391319632.jpg,0.348761061947
3758354055.jpg,0.66625
5480952207.jpg,0.545441176471
8240021404.jpg,0.589690265487
6114847662.jpg,0.643685344828
10353620913.jpg,0.567071428571
8626678643.jpg,0.6500862068969999
6339141620.jpg,0.570558035714
5930876150.jpg,0.579676724138
4596719098.jpg,0.548851351351
233045606.jpg,0.6521250000000001
3118885310.jpg,0.624428571429
11239106136.jpg,0.564172413793
5887130142.jpg,0.280070754717
1946326263.jpg,0.6707366071430001
4555534725.jpg,0.182960526316
2065542928.jpg,0.606651785714
1408118135.jpg,0.445132743363
4089514101.jpg,0.741548672566
9849484955.jpg,0.454910714286
1995190133.jpg,0.77369266055
9463299362.jpg,0.616486486486
7270896820.jpg,0.667809734513
9681377633.jpg,0.180298165138
2858136334.jpg,0.341486486486
8589543288.jpg,0.730597345133
4033495510.jpg,0.313308823529
8590498036.jpg,0.79046460177
6224567547.jpg,0.425369565217
10740727595.jpg,0.7291249999999999
3156288845.jpg,0.618262711864
10775358296.jpg,0.377754237288
6144182512.jpg,0.423898305085
5182390374.jpg,0.500540540541
4359434065.jpg,0.761261061947
8590640853.jpg,0.711915322581
7000580898.jpg,0.8266806722690001
5010052937.jpg,0.769151376147
8706343716.jpg,0.605677966102
6072006649.jpg,0.676823308271
3320115265.jpg,0.72925
10791502435.jpg,0.7081302521009999
4042433513.jpg,0.494976635514
8162335542.jpg,0.3895
106652866.jpg,0.490441176471
4245591001.jpg,0.673525641026
9842027236.jpg,0.749033613445
6258120264.jpg,0.715995575221
4644879921.jpg,0.5727678571429999
5995083892.jpg,0.58527027027
4704223777.jpg,0.706580188679
409280416.jpg,0.496680672269
8930722689.jpg,0.581659292035
5599500585.jpg,0.538147321429
7401378600.jpg,0.7914583333330001
4600229706.jpg,0.540588235294
10728525673.jpg,0.6830263157890001
4976232823.jpg,0.743774038462
10827568885.jpg,0.774872881356
16799807.jpg,0.399030172414
9348271980.jpg,0.7850840336129999
5363486044.jpg,0.557299107143
6908900076.jpg,0.803881578947
4806281586.jpg,0.575485436893
9287500291.jpg,0.6904487179490001
8430005179.jpg,0.713948598131
3388708914.jpg,0.69325
10178183416.jpg,0.7568421052630001
9379361831.jpg,0.773861607143
7267396470.jpg,0.497142857143
6688906197.jpg,0.599065420561
8305212885.jpg,0.445963302752
3022996908.jpg,0.5875
6599596287.jpg,0.71645631068
8402267016.jpg,0.502027027027
7162855925.jpg,0.11855263157899999
2766412345.jpg,0.371216216216
9232225621.jpg,0.658421052632
7316816362.jpg,0.525625
306315468.jpg,0.308967889908
4167927417.jpg,0.48384615384600005
2926374384.jpg,0.683258928571
4424481742.jpg,0.730641025641
5309538408.jpg,0.577094594595
2990464677.jpg,0.715444915254
7866144530.jpg,0.759311926606
3241852622.jpg,0.538277310924
5765859594.jpg,0.74102173913
5732256845.jpg,0.36162621359200003
8651960690.jpg,0.619
6114886448.jpg,0.725233050847
1802306299.jpg,0.402236842105
6569563105.jpg,0.660043103448
8229585759.jpg,0.5593125
6273772448.jpg,0.770752212389
4156534842.jpg,0.5859722222220001
10463545414.jpg,0.550444915254
488823133.jpg,0.6530147058820001
318700026.jpg,0.73781779661
422092606.jpg,0.621689189189
9076672562.jpg,0.613513513514
8751762111.jpg,0.760509708738
2501256504.jpg,0.470889423077
9302290265.jpg,0.639336283186
4980829250.jpg,0.267288135593
11071132393.jpg,0.7200892857140001
1796317547.jpg,0.816077981651
6222668667.jpg,0.7
8216118608.jpg,0.68849137931
3761519418.jpg,0.7710625
4340329166.jpg,0.722629310345
8523976721.jpg,0.648827433628
7041776879.jpg,0.541490384615
6148781935.jpg,0.7348717948719999
2578890441.jpg,0.7171428571430001
5813266787.jpg,0.42986607142899996
8781313469.jpg,0.772
5726507119.jpg,0.418340336134
4617163865.jpg,0.289044117647
8458155212.jpg,0.675593220339
7597470314.jpg,0.529308035714
6495386031.jpg,0.6895762711860001
153876946.jpg,0.5292647058819999
9569803128.jpg,0.698473451327
3492624391.jpg,0.335540540541
5635139040.jpg,0.691875
5984140443.jpg,0.655398230088
9342669344.jpg,0.6671551724139999
6081414146.jpg,0.5859134615380001
8374735482.jpg,0.643243243243
8450680026.jpg,0.619661016949
4408351965.jpg,0.611681034483
8125869229.jpg,0.6622047244089999
4423100872.jpg,0.171413043478
7276071932.jpg,0.7944374999999999
25742613.jpg,0.17076923076900002
5435410945.jpg,0.7675
7989292953.jpg,0.49021226415100005
8717637188.jpg,0.790214285714
7433488844.jpg,0.48666666666700004
8373530988.jpg,0.237279411765
5119374431.jpg,0.49825
513128907.jpg,0.804495798319
8329938246.jpg,0.663310810811
500876950.jpg,0.732413043478
3238163707.jpg,0.60125
8481080192.jpg,0.633413043478
9143291063.jpg,0.806981132075
8636811972.jpg,0.731525423729
4728690118.jpg,0.788060344828
7737023436.jpg,0.500021551724
4948021193.jpg,0.6266525423729999
8167486220.jpg,0.7216521739130001
5135451445.jpg,0.5280720338980001
2236324282.jpg,0.725
11551017545.jpg,0.64027027027
6070920773.jpg,0.8022844827590001
5136366226.jpg,0.709897540984
8167934912.jpg,0.746153846154
2297923850.jpg,0.529181034483
187485230.jpg,0.45716386554599997
205662428.jpg,0.366344537815
10466350116.jpg,0.7722435897440001
10273804555.jpg,0.6830263157890001
5348237812.jpg,0.380135135135
3296835726.jpg,0.660337837838
5943227958.jpg,0.7525
526016794.jpg,0.451703539823
8503982189.jpg,0.773474576271
3379476157.jpg,0.624555084746
7678256566.jpg,0.780924369748
7630573758.jpg,0.456513157895
8113244210.jpg,0.7708333333330001
5480778835.jpg,0.564621848739
6811333589.jpg,0.757020547945
4054594935.jpg,0.7131081081080001
5141696799.jpg,0.719345794393
3658535721.jpg,0.78
149795981.jpg,0.630483193277
392103652.jpg,0.333707627119
3738819299.jpg,0.680951327434
2308986836.jpg,0.646869158879
6587178245.jpg,0.697037815126
7297786732.jpg,0.66777027027
6115480209.jpg,0.621559633028
4363262095.jpg,0.580067567568
6167276187.jpg,0.162307692308
5705716016.jpg,0.388241525424
4907748522.jpg,0.6539194915250001
1993125888.jpg,0.535735294118
3949143151.jpg,0.6899375000000001
5958225311.jpg,0.7119612068969999
6599722517.jpg,0.366283185841
8208615482.jpg,0.7165972222220001
7003526811.jpg,0.686351351351
8008341376.jpg,0.6671304347829999
7459333336.jpg,0.743738938053
7264008364.jpg,0.7394736842109999
5831302222.jpg,0.43718220338999997
9536683213.jpg,0.655212264151
3545446713.jpg,0.614513274336
6497142149.jpg,0.630148305085
6784185258.jpg,0.11083333333300001
2539097876.jpg,0.583340336134
6238988012.jpg,0.524913793103
2167658722.jpg,0.543260869565
7844179556.jpg,0.7270625
5643675511.jpg,0.163108108108
2125535764.jpg,0.557224770642
5517184431.jpg,0.67
371935095.jpg,0.81325
9582874322.jpg,0.41769417475700005
5691962850.jpg,0.779294871795
5302119756.jpg,0.728407079646
5797735856.jpg,0.439
4436568659.jpg,0.670705128205
4960586032.jpg,0.551824324324
9291621754.jpg,0.651577669903
6938468092.jpg,0.6315
8043482690.jpg,0.6112837837840001
4076940518.jpg,0.675840707965
2126890271.jpg,0.448658536585
8702657469.jpg,0.329778761062
3207975884.jpg,0.38194915254199996
8568890785.jpg,0.653794642857
5120849681.jpg,0.359642857143
5846078806.jpg,0.773125
8488394767.jpg,0.6926470588239999
4472735511.jpg,0.51925
3977122123.jpg,0.601904761905
9237488355.jpg,0.7761680327870001
7046586351.jpg,0.596339285714
261641635.jpg,0.786689189189
7238571992.jpg,0.72927184466
9732569997.jpg,0.737302631579
5807238153.jpg,0.5999528301889999
6551619395.jpg,0.690442477876
7043681927.jpg,0.7027155172409999
6329859114.jpg,0.30826923076900004
6650873585.jpg,0.697743362832
4643295751.jpg,0.506269230769
4672698013.jpg,0.716261682243
5533236075.jpg,0.7022499999999999
3797715149.jpg,0.668552631579
6054384333.jpg,0.621285714286
6935129773.jpg,0.780924369748
7700955958.jpg,0.619065217391
9226793819.jpg,0.325441176471
8199832249.jpg,0.61988317757
9716659455.jpg,0.7247499999999999
7006133071.jpg,0.705940594059
3230415578.jpg,0.44777027027000005
8489199003.jpg,0.7740540540540001
5933439918.jpg,0.5190094339619999
5750644508.jpg,0.62004587156
4175024777.jpg,0.381628440367
11407704456.jpg,0.721836283186
2771131265.jpg,0.652065217391
6333112690.jpg,0.67502173913
6834245510.jpg,0.6910093167700001
6772091149.jpg,0.59265625
7077356639.jpg,0.710884955752
9140727598.jpg,0.7182547169810001
4441487494.jpg,0.698986486486
9594906572.jpg,0.7702801724139999
501669092.jpg,0.27444196428600004
5296875210.jpg,0.6901050420170001
8023712580.jpg,0.7240756302520001
4692485168.jpg,0.664889380531
6166445475.jpg,0.47094036697200004
7141084967.jpg,0.6627631578950001
4107566763.jpg,0.563598130841
7002011797.jpg,0.702839805825
5680237187.jpg,0.790066964286
2638753115.jpg,0.355865384615
4478237731.jpg,0.605525210084
6798093193.jpg,0.578660714286
6383007575.jpg,0.7469537815130001
121123359.jpg,0.8824375000000001
4174114328.jpg,0.6949770642199999
3596718064.jpg,0.7469589552239999
7763162224.jpg,0.5357500000000001
4682743182.jpg,0.353357142857
4016051317.jpg,0.323348623853
6062434084.jpg,0.516
5362664790.jpg,0.6191741071429999
2951685771.jpg,0.749679487179
7319912164.jpg,0.708194444444
3890811565.jpg,0.641575630252
7499578096.jpg,0.536293103448
4420983663.jpg,0.302837837838
6692795337.jpg,0.723834745763
5914023763.jpg,0.7618260869569999
8044704113.jpg,0.688071428571
5995809590.jpg,0.49125
2537782042.jpg,0.6722916666669999
5936466945.jpg,0.521351351351
2191202126.jpg,0.44417372881399997
4671787703.jpg,0.634642857143
10280835505.jpg,0.312256637168
2084725313.jpg,0.6589508928569999
3825365753.jpg,0.6686134453779999
9251039345.jpg,0.6715000000000001
10410038143.jpg,0.7816594827590001
5930701704.jpg,0.632219626168
5447287552.jpg,0.704441747573
2131254561.jpg,0.392369565217
5443343893.jpg,0.59265625
6190639250.jpg,0.7258270676690001
4885160336.jpg,0.7210381355929999
3824485636.jpg,0.481625
5763062464.jpg,0.7377678571430001
4132558989.jpg,0.758340707965
9197349207.jpg,0.585957943925
5986724634.jpg,0.664159292035
8110370052.jpg,0.67
5341341783.jpg,0.287700892857
5353332977.jpg,0.402236842105
7055266351.jpg,0.7415
3824413541.jpg,0.763879310345
2329258631.jpg,0.326768867925
8434015762.jpg,0.4915
10705911926.jpg,0.707844036697
3035737878.jpg,0.46339130434799997
4542866851.jpg,0.45256355932200004
4018386659.jpg,0.5806880733940001
8134031054.jpg,0.46271008403400005
5676561526.jpg,0.57987394958
8751065602.jpg,0.7053571428569999
6245749984.jpg,0.542631578947
52568944.jpg,0.290215517241
6993179262.jpg,0.352635135135
6303415659.jpg,0.451586538462
5414089487.jpg,0.804146341463
8906425755.jpg,0.4225
8322388606.jpg,0.5543589743590001
3448332578.jpg,0.545154867257
5916873718.jpg,0.514575892857
6244943274.jpg,0.392629310345
7007091368.jpg,0.666316964286
7840986296.jpg,0.699413043478
3191275443.jpg,0.223241525424
8185829074.jpg,0.734247787611
8392357033.jpg,0.665805084746
9306814074.jpg,0.749004237288
11498400544.jpg,0.506695205479
8288312901.jpg,0.717763157895
2306462251.jpg,0.350405405405
6018292739.jpg,0.82825
6748049411.jpg,0.573869565217
8731687035.jpg,0.44108108108099997
5367389511.jpg,0.588973214286
10403509543.jpg,0.6801179245279999
10491358066.jpg,0.6445000000000001
7289957138.jpg,0.566875
6290063091.jpg,0.725808823529
5645356042.jpg,0.7225
4198235482.jpg,0.392429906542
7670929454.jpg,0.71640625
3759443485.jpg,0.41493119266100004
249590486.jpg,0.6239374999999999
8573160777.jpg,0.5269026548669999
4296403133.jpg,0.287700892857
9512008685.jpg,0.646544117647
7178723916.jpg,0.5021052631580001
8039894154.jpg,0.412924107143
7710623518.jpg,0.532013274336
5211888253.jpg,0.287775229358
611264152.jpg,0.593289473684
450407660.jpg,0.6171153846149999
5062110567.jpg,0.48618421052599997
4008219206.jpg,0.5760416666670001
5233144595.jpg,0.75472972973
5261084727.jpg,0.682411504425
6311708784.jpg,0.5777941176470001
4955674278.jpg,0.591299342105
8087032429.jpg,0.6085294117650001
5535054309.jpg,0.370762711864
5616548747.jpg,0.7547499999999999
183156510.jpg,0.488361344538
7789853112.jpg,0.749004237288
8421578109.jpg,0.614766949153
387003357.jpg,0.317702702703
4906359700.jpg,0.74102173913
3939622523.jpg,0.5503378378379999
6227951538.jpg,0.455202702703
5370637046.jpg,0.689151785714
3678866923.jpg,0.684102564103
120983206.jpg,0.630125
4063780436.jpg,0.6063571428569999
9052518863.jpg,0.52975
8504332753.jpg,0.465483193277
8575096989.jpg,0.629864864865
6198870834.jpg,0.593739495798
11509515706.jpg,0.357522123894
8965909066.jpg,0.6873319327730001
3880718005.jpg,0.488655660377
10130566006.jpg,0.7195
4539089246.jpg,0.648638392857
7287141628.jpg,0.6707173913040001
3073780494.jpg,0.539059633028
8880556755.jpg,0.41493749999999996
6038295974.jpg,0.491134453782
2833068342.jpg,0.653220338983
9915601385.jpg,0.6566025641029999
6142185721.jpg,0.396009174312
159144665.jpg,0.7415
5655651548.jpg,0.32364224137900005
7182538268.jpg,0.7853398058250001
7362254314.jpg,0.5489999999999999
2190310.jpg,0.5832692307690001
4054072823.jpg,0.571308411215
7859713146.jpg,0.7755720338979999
6815253808.jpg,0.427126168224
4676525770.jpg,0.456689189189
6791354533.jpg,0.35747881355899996
8435700290.jpg,0.7458705357140001
10536668436.jpg,0.365432330827
6092350487.jpg,0.705675675676
2574200121.jpg,0.557828947368
4393459228.jpg,0.7583928571430001
5487845072.jpg,0.44760869565199995
3921589638.jpg,0.728407079646
4747712670.jpg,0.621934782609
10094235786.jpg,0.621559633028
8154204617.jpg,0.733461538462
8497829320.jpg,0.620347222222
4900640591.jpg,0.605178571429
4714778162.jpg,0.656642857143
9941646054.jpg,0.539059633028
2840937282.jpg,0.319564220183
6098953309.jpg,0.63108490566
9686337427.jpg,0.299142857143
461213420.jpg,0.12481249999999999
3248976854.jpg,0.738397435897
9184965477.jpg,0.605128205128
5879706162.jpg,0.712289915966
3306813341.jpg,0.7054605263160001
5812840397.jpg,0.7094871794869999
5571835679.jpg,0.34137500000000004
8040267298.jpg,0.7434999999999999
2841924891.jpg,0.68945754717
1292518332.jpg,0.6570869565220001
8702541866.jpg,0.725808823529
7305940242.jpg,0.687678571429
2044507520.jpg,0.8026875
9041103039.jpg,0.5545
3960128594.jpg,0.535555555556
4416477559.jpg,0.7153378378380001
4167190092.jpg,0.374957627119
6170767458.jpg,0.665695652174
3923233289.jpg,0.288004201681
7432387258.jpg,0.7287288135590001
8391472456.jpg,0.665619469027
10007903636.jpg,0.786285714286
3705884386.jpg,0.462673913043
8194129270.jpg,0.683107476636
3130276162.jpg,0.41631250000000003
9802094923.jpg,0.138495575221
9822554264.jpg,0.5792499999999999
11297570034.jpg,0.565260869565
8546536299.jpg,0.70575
9515243339.jpg,0.720540540541
6931553873.jpg,0.758785714286
8565939221.jpg,0.398108695652
4352372142.jpg,0.7127232142859999
9115676276.jpg,0.7063302752289999
1427484100.jpg,0.7165
4594091723.jpg,0.717243589744
3670448728.jpg,0.330660377358
6336463501.jpg,0.600301724138
7112366827.jpg,0.716009615385
3872043875.jpg,0.6412385321099999
8078731890.jpg,0.674419642857
8135725807.jpg,0.71125
6986935908.jpg,0.688415178571
8390342452.jpg,0.572281553398
6052669253.jpg,0.654722222222
8486309874.jpg,0.731525423729
8736095629.jpg,0.68314159292
2530204171.jpg,0.732051282051
3449919327.jpg,0.679705882353
7662529090.jpg,0.6115625
6977310046.jpg,0.300148305085
6640354399.jpg,0.470810810811
8978679476.jpg,0.608474576271
5679420644.jpg,0.735848623853
8732953050.jpg,0.733461538462
7096952113.jpg,0.62875
5719070301.jpg,0.37254587156
7892040540.jpg,0.7137608695650001
5328147958.jpg,0.457652173913
4655744443.jpg,0.716102941176
9344271524.jpg,0.740304347826
5909836930.jpg,0.40655462184900004
4915971389.jpg,0.52297029703
6191653562.jpg,0.7489439655169999
8702092556.jpg,0.73375
8152567908.jpg,0.579180672269
9699196303.jpg,0.7210431654680001
2978991004.jpg,0.5056875000000001
9269537075.jpg,0.746207627119
6775674634.jpg,0.52445754717
6652379747.jpg,0.335805084746
8701957904.jpg,0.622349137931
231161527.jpg,0.528375
6785564222.jpg,0.4768125
9335639356.jpg,0.2245
7043958029.jpg,0.687068965517
3787979013.jpg,0.769138655462
7437031540.jpg,0.561155462185
3147028593.jpg,0.46157894736800004
10605846204.jpg,0.7046205357140001
7753523026.jpg,0.5837155963299999
6603666933.jpg,0.526336206897
7271105620.jpg,0.7711521739130001
10466453556.jpg,0.288004201681
1654836945.jpg,0.484375
9488864072.jpg,0.506586538462
6180360861.jpg,0.675110619469
7490651104.jpg,0.7172499999999999
6181551181.jpg,0.567224576271
5306909990.jpg,0.0829807692308
7292878318.jpg,0.611381578947
5948782020.jpg,0.258193277311
5158391010.jpg,0.605022123894
5652034742.jpg,0.6390625
3975469304.jpg,0.823851351351
5301312418.jpg,0.514662162162
6266190688.jpg,0.540961538462
6345505389.jpg,0.7014618644070001
5643888483.jpg,0.533243243243
6999906899.jpg,0.698528037383
6034206796.jpg,0.634198113208
3916222248.jpg,0.7973543689320001
7853457684.jpg,0.6884223300969999
10576676414.jpg,0.664107142857
5040853192.jpg,0.23789603960400002
9541231306.jpg,0.247368421053
4240917469.jpg,0.53425
9072067933.jpg,0.7350211864409999
6896225625.jpg,0.626323529412
5996293393.jpg,0.688922018349
2127908996.jpg,0.36044871794899996
9671600986.jpg,0.638109243697
8044678667.jpg,0.789166666667
5751931658.jpg,0.493646788991
8400786727.jpg,0.740088495575
6804651008.jpg,0.54243697479
4701833798.jpg,0.632765486726
9925803176.jpg,0.465197368421
4556962196.jpg,0.634426605505
6098120607.jpg,0.23798986486499998
3737792738.jpg,0.33410714285700005
5384977865.jpg,0.5111875
8462442319.jpg,0.7956081081080001
5017267795.jpg,0.616195652174
1036840624.jpg,0.283382352941
8333619480.jpg,0.524369565217
3625351305.jpg,0.64825
3591617396.jpg,0.396673913043
4746340677.jpg,0.625916030534
5925658885.jpg,0.5565625
3105967281.jpg,0.522217391304
6268918476.jpg,0.714196428571
8034781018.jpg,0.7926146788990001
10283619534.jpg,0.7797405660379999
8672886430.jpg,0.794724409449
6147756679.jpg,0.580625
9331151234.jpg,0.69608974359
11241096796.jpg,0.6995625
7904253618.jpg,0.43564159292
1404458044.jpg,0.42095794392499997
7470463166.jpg,0.7314858490570001
8667640386.jpg,0.191923076923
6192180077.jpg,0.703970588235
4330138497.jpg,0.764399038462
9119996222.jpg,0.6224799999999999
764877350.jpg,0.52975
6873701210.jpg,0.625636792453
11453100924.jpg,0.790254237288
8911365579.jpg,0.4885
6486604889.jpg,0.45
6443379565.jpg,0.7038461538459999
5808715060.jpg,0.584605263158
3009167692.jpg,0.791785714286
9154088552.jpg,0.6977370689660001
8971376273.jpg,0.790405405405
3985258920.jpg,0.523877118644
7797268116.jpg,0.6484459459459999
3069379747.jpg,0.6315533980579999
8723579314.jpg,0.6892499999999999
5957529687.jpg,0.725233050847
9522817562.jpg,0.717361111111
9408208696.jpg,0.781486486486
4207059536.jpg,0.540357142857
7660049550.jpg,0.631305309735
10209917915.jpg,0.469097222222
36434642.jpg,0.536025641026
3966627187.jpg,0.7166304347829999
8330807035.jpg,0.349705882353
8081688318.jpg,0.650287610619
3900966844.jpg,0.3709375
6954316003.jpg,0.597899159664
223191871.jpg,0.40724789916
10344921126.jpg,0.0446638655462
7087645993.jpg,0.651281512605
8055471009.jpg,0.6174336283190001
4137012282.jpg,0.461924778761
5312388504.jpg,0.6876335877859999
2451920772.jpg,0.6582142857140001
5512989538.jpg,0.6934698275860001
9372136957.jpg,0.6755
9530922505.jpg,0.7027027027030001
11399456186.jpg,0.632765486726
9438428165.jpg,0.789004424779
5968485889.jpg,0.762899159664
4986076377.jpg,0.6955
6443711585.jpg,0.454459459459
7983700558.jpg,0.681891891892
9641836616.jpg,0.760548780488
6907198605.jpg,0.662699115044
6891599340.jpg,0.632354368932
8704001812.jpg,0.726673913043
8358381896.jpg,0.5785
3662997757.jpg,0.760530973451
4676944717.jpg,0.394742990654
353228664.jpg,0.660508849558
10469774844.jpg,0.596034482759
7577281784.jpg,0.673618421053
6157269517.jpg,0.54838362069
5719653094.jpg,0.172920168067
158100229.jpg,0.537584033613
8986471316.jpg,0.45119565217400004
8182062575.jpg,0.431108695652
3411974393.jpg,0.505
8977825134.jpg,0.46375
8616750908.jpg,0.180593220339
1194894463.jpg,0.6749009900990001
9229803299.jpg,0.508855140187
5759402144.jpg,0.7797405660379999
5987658762.jpg,0.690625
2999079951.jpg,0.368473451327
10296038236.jpg,0.406438053097
4243562466.jpg,0.671398305085
5727760730.jpg,0.593445945946
4316264959.jpg,0.650423728814
9762410596.jpg,0.7091525423730001
4493244545.jpg,0.72268907563
34796696.jpg,0.661538461538
6769268131.jpg,0.679839449541
5665181716.jpg,0.71833984375
8728469348.jpg,0.669294871795
10342569703.jpg,0.386081081081
8083120146.jpg,0.773486842105
5912584970.jpg,0.688652173913
9497810800.jpg,0.6108628318579999
9299238943.jpg,0.49737394958000003
3867705645.jpg,0.195810810811
10155925686.jpg,0.528798076923
2664892520.jpg,0.545939849624
8229993789.jpg,0.638040540541
6251795586.jpg,0.7348786407769999
3791999774.jpg,0.22873853211
1312413141.jpg,0.194151785714
7046617755.jpg,0.521217948718
143643298.jpg,0.221449579832
5905146921.jpg,0.535275229358
7003924615.jpg,0.45549999999999996
4777018149.jpg,0.694672897196
11063650646.jpg,0.610456521739
8569001906.jpg,0.796399082569
4476029726.jpg,0.6729729729730001
5482786130.jpg,0.765413043478
3230042702.jpg,0.576217948718
6787714050.jpg,0.612884615385
3902626347.jpg,0.219369747899
3084516747.jpg,0.306153846154
418145002.jpg,0.586714285714
4125943270.jpg,0.7672321428569999
5058695994.jpg,0.8093487394960001
6001258616.jpg,0.645691964286
8551620615.jpg,0.709040178571
8266134524.jpg,0.466129807692
3866688343.jpg,0.509230769231
11215941184.jpg,0.734077669903
11221904805.jpg,0.7812971698110001
13325497.jpg,0.602307692308
4920401436.jpg,0.448125
11476172786.jpg,0.72625
3260332459.jpg,0.46132352941199994
2215032826.jpg,0.7195
8100313754.jpg,0.8502521008399999
3343738489.jpg,0.7622881355929999
6220511513.jpg,0.633761682243
4875935356.jpg,0.586829268293
3702144450.jpg,0.558428571429
5892461244.jpg,0.751101694915
528938817.jpg,0.380909090909
8078070846.jpg,0.203205128205
8156018718.jpg,0.805066371681
2670820241.jpg,0.4225
8486846186.jpg,0.755555555556
2866556638.jpg,0.507972972973
2624882684.jpg,0.700504201681
9083308350.jpg,0.513816793893
7490674084.jpg,0.67
2903155533.jpg,0.605069444444
6681296959.jpg,0.6965178571430001
9537434864.jpg,0.591150442478
2636589178.jpg,0.546973684211
4973124317.jpg,0.568781512605
426081951.jpg,0.764391891892
5706720351.jpg,0.30256302521
8653385211.jpg,0.747785714286
3587337138.jpg,0.445862831858
6891271025.jpg,0.815111607143
5702257196.jpg,0.51506097561
3677460940.jpg,0.51325
9131531714.jpg,0.8177826086960001
6000896987.jpg,0.6669158878499999
4068780416.jpg,0.439868421053
6120678876.jpg,0.49674999999999997
5773721595.jpg,0.570707964602
7954181598.jpg,0.648638392857
6035849303.jpg,0.64391025641
6066096952.jpg,0.562894736842
6967399980.jpg,0.760509708738
10373546175.jpg,0.619538834951
4088500384.jpg,0.564230769231
8749890133.jpg,0.7126250000000001
3427902514.jpg,0.693130841121
4871159312.jpg,0.6770047169810001
6072752880.jpg,0.67
3597095413.jpg,0.760588235294
5043851130.jpg,0.38521634615399997
6511236583.jpg,0.6845588235290001
8863356627.jpg,0.620817307692
3753143338.jpg,0.11518750000000001
8263420706.jpg,0.470741525424
4942239073.jpg,0.523252212389
185458280.jpg,0.111911764706
5935609907.jpg,0.626540178571
7985643395.jpg,0.699350961538
8331758509.jpg,0.6830263157890001
8310618188.jpg,0.604594594595
8515006370.jpg,0.528181818182
5528731780.jpg,0.688877118644
8529412192.jpg,0.51325
5354068609.jpg,0.629142857143
6022378177.jpg,0.469539473684
2676808752.jpg,0.371197478992
3137057232.jpg,0.461924778761
7215678842.jpg,0.736987179487
5554551412.jpg,0.321747787611
6749631813.jpg,0.7745000000000001
3174536924.jpg,0.547648305085
8125828960.jpg,0.5308260869570001
5645990670.jpg,0.452775229358
3987605606.jpg,0.8405
5893652818.jpg,0.18713235294099997
10430002553.jpg,0.775206422018
7871346190.jpg,0.714305555556
3438059129.jpg,0.352222222222
8608557464.jpg,0.6563834951459999
4664658605.jpg,0.613677884615
3272637437.jpg,0.702410714286
10205220286.jpg,0.29263888888899997
163977327.jpg,0.22381250000000003
8531375153.jpg,0.7229816513759999
7715219180.jpg,0.493786407767
5306558367.jpg,0.416207627119
7016006231.jpg,0.785802752294
6044933517.jpg,0.77777027027
10680502673.jpg,0.7875624999999999
5129080312.jpg,0.278304347826
7871237210.jpg,0.7381521739129999
11501016504.jpg,0.554073275862
418308346.jpg,0.6175
3168536494.jpg,0.510546218487
2555211479.jpg,0.48204347826099997
7581184960.jpg,0.6523214285710001
9467953954.jpg,0.78
4252517673.jpg,0.61722972973
7369281846.jpg,0.673235294118
6980009998.jpg,0.598592436975
7720747032.jpg,0.783716216216
3940357186.jpg,0.451703539823
9712191760.jpg,0.648097345133
5385663967.jpg,0.6840094339620001
3639490630.jpg,0.462375
9445529272.jpg,0.44238839285700005
6757989209.jpg,0.704258474576
5176681750.jpg,0.671386554622
6039986831.jpg,0.638996815287
5588665887.jpg,0.71764084507
5480462577.jpg,0.493214285714
8304558173.jpg,0.798256302521
5158846580.jpg,0.380048543689
4938188075.jpg,0.47441810344799995
9701303901.jpg,0.40325000000000005
8502941912.jpg,0.538154205607
5877272501.jpg,0.791956521739
8178731250.jpg,0.674159663866
6025425827.jpg,0.453347826087
3741259519.jpg,0.66342920354
470258883.jpg,0.47774553571399997
5495773051.jpg,0.625803571429
5377492041.jpg,0.586113445378
3537658496.jpg,0.7831587837840001
5707373155.jpg,0.5325
3908700784.jpg,0.719210526316
2856053454.jpg,0.2695
5539522093.jpg,0.706844660194
5250131819.jpg,0.380441176471
4565000392.jpg,0.572898230088
6453831461.jpg,0.380871559633
763136296.jpg,0.707087155963
3934165977.jpg,0.5524557522119999
7355708808.jpg,0.672920353982
6088173087.jpg,0.6820145631069999
8322413607.jpg,0.7292307692309999
8639919087.jpg,0.562455357143
3758843972.jpg,0.64343220339
8360589310.jpg,0.649375
7006191446.jpg,0.535762711864
7214440922.jpg,0.6033124999999999
6932651943.jpg,0.443125
5395880951.jpg,0.437058823529
6059364561.jpg,0.720934782609
4697031191.jpg,0.627941176471
6333620590.jpg,0.597162162162
8301114122.jpg,0.538673469388
8644935134.jpg,0.649375
6024552297.jpg,0.237756410256
5976052920.jpg,0.593340707965
11270256213.jpg,0.6633705357140001
7004597260.jpg,0.718065217391
7125445143.jpg,0.640066371681
9566357532.jpg,0.762075892857
8220742117.jpg,0.20125
2737304398.jpg,0.53875
5483050895.jpg,0.704059633028
5349969174.jpg,0.36024999999999996
4042245241.jpg,0.40698717948700003
5596136215.jpg,0.573869565217
10327985614.jpg,0.7510267857140001
464118000.jpg,0.40299999999999997
8228800442.jpg,0.707234513274
5248353672.jpg,0.40322429906499996
3761173384.jpg,0.534464285714
4882465125.jpg,0.324668141593
9159337218.jpg,0.747
8667121921.jpg,0.700394736842
8671346109.jpg,0.5948660714289999
6627549719.jpg,0.614760869565
9629455923.jpg,0.5125625
2808063507.jpg,0.357331932773
5574048372.jpg,0.646118421053
7171867098.jpg,0.686061946903
4704859608.jpg,0.34727941176500005
5000264687.jpg,0.524576271186
10121813934.jpg,0.653980582524
5973089672.jpg,0.739633027523
9766865862.jpg,0.480872641509
20079130.jpg,0.447179487179
3919380535.jpg,0.691361607143
11269626135.jpg,0.803040540541
4397008731.jpg,0.540656779661
4214550696.jpg,0.5681304347830001
2743703757.jpg,0.5275
10349956885.jpg,0.6975
3277047132.jpg,0.702161016949
3712529193.jpg,0.36703781512600003
4422544352.jpg,0.638881578947
5785719824.jpg,0.289583333333
10280683815.jpg,0.77425
5420001635.jpg,0.7965948275860001
5443561588.jpg,0.42176339285700004
8522041587.jpg,0.588973214286
446796521.jpg,0.34932608695699996
5495551820.jpg,0.46984782608700004
7767174802.jpg,0.568847826087
8107454103.jpg,0.777457983193
5409949181.jpg,0.697037815126
7066508685.jpg,0.536788990826
4492298311.jpg,0.673466386555
6694669509.jpg,0.646869158879
6920118996.jpg,0.649375
5083763203.jpg,0.427610619469
5311906994.jpg,0.691361607143
6563196289.jpg,0.526554054054
8525376754.jpg,0.49262500000000004
7745091164.jpg,0.726766055046
443706084.jpg,0.612943925234
8325732255.jpg,0.713676470588
11089447095.jpg,0.6618243243240001
4854909641.jpg,0.3571875
8728473663.jpg,0.668526785714
5674214513.jpg,0.7195
4792717107.jpg,0.7048165137610001
4042306910.jpg,0.49459459459500005
1252945239.jpg,0.15658482142900002
9526789940.jpg,0.588922413793
8924220861.jpg,0.746810344828
5458340790.jpg,0.6132339449540001
2197636094.jpg,0.72286407767
10912602716.jpg,0.749510869565
4594670956.jpg,0.5414189189190001
2809274597.jpg,0.4115
3579701723.jpg,0.221449579832
3716891886.jpg,0.722299107143
9619949433.jpg,0.476736111111
2191549592.jpg,0.507682926829
5680314396.jpg,0.48402542372900004
4984086049.jpg,0.249567307692
4236732050.jpg,0.6756067961169999
4578361888.jpg,0.6133260869570001
9150255535.jpg,0.784583333333
7213266604.jpg,0.584527027027
5543037671.jpg,0.637475961538
2578696926.jpg,0.756150442478
3178336001.jpg,0.51157079646
415283727.jpg,0.499889380531
5165838001.jpg,0.717243589744
384788069.jpg,0.7735
8946027655.jpg,0.704234693878
3258713133.jpg,0.351353211009
10093057603.jpg,0.634955752212
9342285552.jpg,0.760981308411
10868390853.jpg,0.753149606299
2371655336.jpg,0.405537383178
8100293037.jpg,0.694308035714
7769931466.jpg,0.46964285714299997
6302283687.jpg,0.40292372881399996
6873503299.jpg,0.447179487179
7921753876.jpg,0.765783898305
5150999709.jpg,0.415567226891
5231173987.jpg,0.28626146789
8109560495.jpg,0.771911764706
6988183211.jpg,0.6492016806719999
10429780626.jpg,0.7202857142860001
3254444597.jpg,0.336826923077
2313971368.jpg,0.69891025641
8293206684.jpg,0.6616743119269999
4595899816.jpg,0.7325862068969999
2888444557.jpg,0.601378504673
3620726.jpg,0.24224789916
9143757717.jpg,0.55495412844
2676057580.jpg,0.735131578947
8669807326.jpg,0.620777310924
6938815179.jpg,0.5742410714289999
5881856929.jpg,0.5672794117650001
7064847959.jpg,0.0973940677966
8270671503.jpg,0.551449579832
1313706108.jpg,0.344159663866
9166594378.jpg,0.6525480769230001
8720193519.jpg,0.387542372881
4794011269.jpg,0.702860169492
3020941119.jpg,0.48456422018300005
11256776836.jpg,0.69578125
10412894895.jpg,0.574121621622
6004179446.jpg,0.5815
8650438745.jpg,0.760283018868
2202105982.jpg,0.37241071428600003
8405074808.jpg,0.6519747899159999
3261304564.jpg,0.6640540540540001
4668385279.jpg,0.656369565217
9494790787.jpg,0.695651260504
9602922316.jpg,0.680131578947
6832446699.jpg,0.51506097561
5677116051.jpg,0.7441806722690001
3847915749.jpg,0.231766055046
2319588792.jpg,0.695631067961
4954209731.jpg,0.423230088496
9337247723.jpg,0.665955882353
3117619556.jpg,0.484525547445
5906327236.jpg,0.666474358974
6259041958.jpg,0.702847222222
7224064916.jpg,0.702688679245
4183330908.jpg,0.6748125
8274829582.jpg,0.8004487179490001
6151722057.jpg,0.722027027027
10382843045.jpg,0.486347826087
8050482362.jpg,0.6331696428570001
6114016805.jpg,0.629826086957
4976142964.jpg,0.526554054054
9472868070.jpg,0.614471153846
3860848792.jpg,0.436585365854
4050875089.jpg,0.683630434783
6489257695.jpg,0.62875
4699474732.jpg,0.533004587156
4848345613.jpg,0.7574358974359999
6946044735.jpg,0.434285714286
11273190884.jpg,0.748232758621
8263016549.jpg,0.545471698113
5407049859.jpg,0.726486486486
7024488001.jpg,0.783163716814
3177560540.jpg,0.613
5098218882.jpg,0.390934782609
8303968382.jpg,0.647083333333
8616342001.jpg,0.236695652174
7676832810.jpg,0.621383928571
8088364175.jpg,0.3750625
10732971054.jpg,0.511
8075121778.jpg,0.758445945946
7272599674.jpg,0.489802631579
7660271516.jpg,0.674267241379
4737751146.jpg,0.698004587156
4761802851.jpg,0.501972477064
4911877298.jpg,0.569084821429
6296603222.jpg,0.73
4625855199.jpg,0.492307692308
5441628490.jpg,0.780504587156
10492897986.jpg,0.446283783784
9694060266.jpg,0.6660445205480001
2355192446.jpg,0.646428571429
9237243302.jpg,0.216986607143
4034550282.jpg,0.35538135593200004
4748697171.jpg,0.412794117647
10724461514.jpg,0.726631355932
3204890107.jpg,0.273394495413
6833109332.jpg,0.708076923077
8890374321.jpg,0.74609223301
3335618194.jpg,0.7541019417479999
445846327.jpg,0.8027500000000001
4083824869.jpg,0.5272391304349999
5394502414.jpg,0.463349514563
6087235314.jpg,0.553310810811
8332215391.jpg,0.7563551401869999
4345036113.jpg,0.767101769912
5646137718.jpg,0.451617647059
5077869968.jpg,0.428289473684
3333985138.jpg,0.35682038835
7442925808.jpg,0.8035381355929999
8683910174.jpg,0.46149999999999997
6934705817.jpg,0.529957983193
10905114716.jpg,0.500695652174
6088627872.jpg,0.721995798319
524406040.jpg,0.384305555556
4578866514.jpg,0.789871794872
4388983100.jpg,0.32587837837800004
6326442580.jpg,0.616659482759
9984535544.jpg,0.7002008928569999
4010451143.jpg,0.718241525424
6749380301.jpg,0.690067567568
6694664547.jpg,0.6646028037380001
8586661877.jpg,0.794449152542
8380814455.jpg,0.5518028846149999
6424074571.jpg,0.258217391304
4923537063.jpg,0.563279816514
8597007982.jpg,0.686351351351
5546979604.jpg,0.728928571429
5224440098.jpg,0.499889380531
10615424764.jpg,0.741903669725
8142555462.jpg,0.476736111111
9461924966.jpg,0.59265625
762560347.jpg,0.572375
1067765170.jpg,0.5117499999999999
4468449550.jpg,0.585290178571
3801275835.jpg,0.628391304348
10689538413.jpg,0.7366875
6475932467.jpg,0.7133125
4319709983.jpg,0.654668141593
5090550218.jpg,0.644955357143
7991449337.jpg,0.808509174312
6807214777.jpg,0.5518028846149999
6373766117.jpg,0.608672566372
5747013682.jpg,0.28075
9483838441.jpg,0.7841438356160001
9220351854.jpg,0.606911764706
9571610402.jpg,0.698582677165
8436817796.jpg,0.719197247706
8729980010.jpg,0.6800233644860001
8167676296.jpg,0.435758928571
81006585.jpg,0.230462184874
10644234544.jpg,0.547289915966
6301607249.jpg,0.661897321429
5426014939.jpg,0.507291666667
8164688693.jpg,0.695651260504
8245350767.jpg,0.742476635514
4236329723.jpg,0.24512499999999998
8116711629.jpg,0.7713571428570001
8630845484.jpg,0.426118421053
5184506144.jpg,0.815588235294
4435718106.jpg,0.553529411765
2709928858.jpg,0.51025
5016016369.jpg,0.686205357143
5250708423.jpg,0.424133663366
8318268016.jpg,0.654668141593
7700511938.jpg,0.620817307692
9242083882.jpg,0.6955357142859999
10206674394.jpg,0.791100917431
1966235400.jpg,0.687094594595
9476849940.jpg,0.7347058823529999
8016728166.jpg,0.703
5419570020.jpg,0.667053571429
5378725814.jpg,0.573628318584
5476657075.jpg,0.6616743119269999
3377992408.jpg,0.713805309735
9541618071.jpg,0.418157894737
7168526408.jpg,0.6470434782610001
3775591333.jpg,0.436378504673
50012842.jpg,0.788636363636
3662558151.jpg,0.458073394495
89393627.jpg,0.274138655462
7608025600.jpg,0.7222247706420001
5706891854.jpg,0.662633928571
9220941622.jpg,0.7735141509429999
5531274580.jpg,0.664701834862
9223641047.jpg,0.48575
8272075374.jpg,0.629906542056
8130745750.jpg,0.573221153846
6945167278.jpg,0.7059027777779999
6780493014.jpg,0.8098305084749999
3733759776.jpg,0.689888392857
6018954377.jpg,0.5916250000000001
2476813465.jpg,0.545114678899
8595112756.jpg,0.775862831858
6305294695.jpg,0.600985576923
7743779530.jpg,0.611891304348
2279663213.jpg,0.620654205607
4893296719.jpg,0.616799065421
5314378959.jpg,0.23868421052599997
8129021372.jpg,0.500240384615
7006866482.jpg,0.732923728814
6019634729.jpg,0.6525917431189999
6290479072.jpg,0.642919847328
9695487597.jpg,0.7377678571430001
6228740926.jpg,0.677891304348
35002160.jpg,0.68468220339
4259335567.jpg,0.399459459459
2322053874.jpg,0.800336134454
8309215514.jpg,0.23804245283
134343714.jpg,0.40031512605
9936084895.jpg,0.616486486486
5657214180.jpg,0.759645669291
6922435153.jpg,0.662142857143
8469388516.jpg,0.586039823009
5289133619.jpg,0.520608108108
4042572733.jpg,0.414324324324
4986682017.jpg,0.135677570093
7406520610.jpg,0.812847222222
8610965034.jpg,0.7883695652170001
7927998516.jpg,0.719054054054
7588949536.jpg,0.296100917431
115290990.jpg,0.429432773109
3775862144.jpg,0.706184210526
665094052.jpg,0.298026315789
6909401846.jpg,0.7041379310339999
4921721859.jpg,0.704696261682
873682751.jpg,0.38675
3948522988.jpg,0.496238938053
8928315797.jpg,0.696971153846
4866523929.jpg,0.6551923076920001
352331466.jpg,0.383125
9768810935.jpg,0.552567567568
9111487897.jpg,0.751782608696
4524766514.jpg,0.7903440366969999
6766818267.jpg,0.482121848739
4074943155.jpg,0.601724137931
5118419705.jpg,0.56222972973
8840187174.jpg,0.0911016949153
3038029410.jpg,0.543823529412
4996783204.jpg,0.7858173076920001
5338193826.jpg,0.5414189189190001
4201007649.jpg,0.63896039604
9700460977.jpg,0.661160714286
8219528225.jpg,0.5357500000000001
6135085548.jpg,0.348175675676
7819353184.jpg,0.76
3824105113.jpg,0.5588347457630001
8471534118.jpg,0.573504464286
3705698114.jpg,0.537123893805
5664036497.jpg,0.736
6227646726.jpg,0.64027027027
3561351919.jpg,0.605525210084
6204572206.jpg,0.731346153846
3561898679.jpg,0.684864864865
452715885.jpg,0.571987179487
6998687310.jpg,0.562115384615
4726274782.jpg,0.24779411764700002
9678787326.jpg,0.637995689655
4757384229.jpg,0.366283185841
6498451617.jpg,0.565055147059
8065579848.jpg,0.651747787611
9166557972.jpg,0.679012605042
4347028779.jpg,0.6085
10209014225.jpg,0.648411214953
6274950285.jpg,0.7667499999999999
408607884.jpg,0.597899159664
4801726337.jpg,0.551824324324
4795531186.jpg,0.660337837838
9654367147.jpg,0.708823529412
5804399322.jpg,0.728826086957
6138363884.jpg,0.728928571429
5438289269.jpg,0.5642499999999999
3364868711.jpg,0.26567567567600003
8142609774.jpg,0.6567161016949999
3841233055.jpg,0.430981308411
8535232822.jpg,0.687522123894
7841725264.jpg,0.634324324324
4430414110.jpg,0.7934033613450001
11273127766.jpg,0.795575221239
5935217683.jpg,0.606482300885
701112732.jpg,0.532247706422
4169643886.jpg,0.489111111111
10586872235.jpg,0.416388888889
6252132752.jpg,0.606081081081
5511460602.jpg,0.46161637931
9048453025.jpg,0.7903125
4603966605.jpg,0.3324375
8360975985.jpg,0.391302521008
6993355605.jpg,0.655064655172
6942418274.jpg,0.543823529412
9625138420.jpg,0.74575
7568401328.jpg,0.656128318584
6013203590.jpg,0.315472972973
3352596853.jpg,0.316428571429
19943010.jpg,0.772605042017
194369363.jpg,0.29462499999999997
9538010793.jpg,0.578566878981
6133227550.jpg,0.517692307692
10849700404.jpg,0.730065789474
9769299262.jpg,0.47563559322000004
5980068668.jpg,0.682913043478
8319445883.jpg,0.723834745763
6828526069.jpg,0.647640186916
8489243270.jpg,0.574633027523
255984640.jpg,0.432125
3247974707.jpg,0.59575
8588348191.jpg,0.520782608696
8639628841.jpg,0.711949152542
9019428727.jpg,0.66925
4707334942.jpg,0.707693965517
6167876275.jpg,0.64847826087
5657790806.jpg,0.588193277311
2897238920.jpg,0.40241304347800005
6475916177.jpg,0.6016025641030001
3713773458.jpg,0.647572815534
4921474940.jpg,0.6303066037739999
4443705808.jpg,0.34651315789500003
8434827647.jpg,0.775657894737
4513570407.jpg,0.804855769231
11219420725.jpg,0.728928571429
4669754441.jpg,0.7367173913039999
8336846212.jpg,0.68375
233025659.jpg,0.663125
6090586494.jpg,0.7038461538459999
8634101418.jpg,0.6419660194169999
6427589897.jpg,0.267905405405
9720517445.jpg,0.646869158879
8634276040.jpg,0.469097222222
7693237184.jpg,0.71875
8334203333.jpg,0.48032051282099997
8225184235.jpg,0.403402777778
477928479.jpg,0.455777310924
3821275434.jpg,0.713097014925
6113677746.jpg,0.755767326733
5870955720.jpg,0.7471028037380001
7772663024.jpg,0.588986486486
4067961238.jpg,0.400879310345
6440541263.jpg,0.753193277311
4909946838.jpg,0.7045512820509999
6936925429.jpg,0.51625
8556005393.jpg,0.37609375
8130469512.jpg,0.569719827586
3067436148.jpg,0.31018907563
6116188135.jpg,0.7287288135590001
7461618822.jpg,0.603717948718
6255399920.jpg,0.712345132743
3388691081.jpg,0.552836134454
313550822.jpg,0.5443577981650001
8461542458.jpg,0.414097222222
4520096475.jpg,0.566525423729
5552904756.jpg,0.709851694915
9819586584.jpg,0.7256874999999999
70272233.jpg,0.158361344538
2948923084.jpg,0.749033613445
3091624267.jpg,0.049487179487199995
10530470795.jpg,0.38756756756800004
6746835381.jpg,0.7986029411760001
8417110649.jpg,0.48017699115
11216436636.jpg,0.7409210526319999
8948115296.jpg,0.5313146551719999
4651402324.jpg,0.701293103448
5756854423.jpg,0.426216216216
5828254727.jpg,0.542905405405
4606934450.jpg,0.565401785714
6710396995.jpg,0.79925
8066713457.jpg,0.655878378378
6015802455.jpg,0.7215625
10059344614.jpg,0.686651376147
4676269978.jpg,0.812429245283
3736907392.jpg,0.653207964602
4488104431.jpg,0.43541304347800003
5844813103.jpg,0.391206896552
8600322713.jpg,0.736634615385
2904337110.jpg,0.318846153846
9036594264.jpg,0.581953781513
8545905705.jpg,0.29875
4953282690.jpg,0.11121848739500001
4591255467.jpg,0.602101769912
5399475116.jpg,0.72671875
2172409998.jpg,0.56
3949472497.jpg,0.6649782608700001
3201827278.jpg,0.637961165049
8223457724.jpg,0.353172268908
8346047313.jpg,0.7027155172409999
742801177.jpg,0.464864864865
7634190334.jpg,0.801388888889
6133915607.jpg,0.5843269230770001
11269474243.jpg,0.740608108108
9328964042.jpg,0.574586956522
8377341554.jpg,0.776283783784
2317296071.jpg,0.37546728972
4492079346.jpg,0.6086926605499999
7517892652.jpg,0.5484210526319999
7751327300.jpg,0.735282608696
9582086369.jpg,0.756086956522
8399674675.jpg,0.6589508928569999
5027882580.jpg,0.786513157895
10468540574.jpg,0.6707500000000001
5508053398.jpg,0.7368534482760001
1172858625.jpg,0.693157894737
8430084372.jpg,0.500995145631
4497739993.jpg,0.635685840708
4347235307.jpg,0.7675
7003816113.jpg,0.16101694915300002
4718542749.jpg,0.548805309735
8802725309.jpg,0.40724789916
5252606224.jpg,0.633155339806
9977056676.jpg,0.46301339285700005
354899371.jpg,0.5927027027030001
5414222209.jpg,0.7797405660379999
7661933374.jpg,0.655857142857
4846003639.jpg,0.5793852459019999
2161809899.jpg,0.577924107143
5434458853.jpg,0.67
1402675396.jpg,0.299102564103
9723956053.jpg,0.649
6439148467.jpg,0.715
9283322341.jpg,0.739698275862
4969822064.jpg,0.561766055046
4087443308.jpg,0.684864864865
3872509611.jpg,0.436642857143
5056738651.jpg,0.706050420168
6479556701.jpg,0.503526785714
10075168775.jpg,0.747785714286
8385499383.jpg,0.695631067961
8658407746.jpg,0.652162162162
9674243129.jpg,0.6321559633030001
5081374671.jpg,0.440752212389
8726161561.jpg,0.743689320388
6027700445.jpg,0.478482142857
3067455040.jpg,0.447457983193
4079545582.jpg,0.588243243243
3566079728.jpg,0.631351351351
6185806763.jpg,0.758900862069
952167260.jpg,0.48384615384600005
4882358476.jpg,0.661610169492
4948125167.jpg,0.6390625
6817139940.jpg,0.599285714286
8565990156.jpg,0.7252594339620001
9561731191.jpg,0.7273305084749999
8364603294.jpg,0.8005652173910001
8617030862.jpg,0.687837837838
4875993491.jpg,0.634426605505
411090819.jpg,0.16899999999999998
4441540278.jpg,0.6427455357140001
8127311442.jpg,0.471845794393
4985059388.jpg,0.7525
4975653682.jpg,0.731513157895
3611703355.jpg,0.7951250000000001
7059458199.jpg,0.492307692308
2722913532.jpg,0.607935779817
1434258458.jpg,0.6786086956520001
5219276400.jpg,0.5840336134449999
9713017105.jpg,0.700101351351
7714207710.jpg,0.38214028777000003
7856451374.jpg,0.68875
4940371977.jpg,0.664797297297
8550575599.jpg,0.573621495327
39540491.jpg,0.733088235294
9283219931.jpg,0.67657079646
7104640807.jpg,0.7096634615380001
1296775174.jpg,0.37424528301899995
7349520418.jpg,0.549594594595
6784024897.jpg,0.755446428571
493128717.jpg,0.668513513514
3170684406.jpg,0.6984243697479999
8399489944.jpg,0.608653846154
9692018769.jpg,0.413417431193
9038497618.jpg,0.644556074766
5479751565.jpg,0.647702702703
7657349694.jpg,0.493646788991
3446054675.jpg,0.476304347826
8067632249.jpg,0.478509174312
3033284037.jpg,0.241294642857
344636344.jpg,0.691361607143
5188165911.jpg,0.7611842105259999
8036607222.jpg,0.741903669725
2901332011.jpg,0.615466101695
7437582530.jpg,0.633155339806
6809126683.jpg,0.462614678899
4526077589.jpg,0.6519747899159999
8016925192.jpg,0.647165178571
10849117054.jpg,0.5686842105259999
5827032065.jpg,0.46375
2790138273.jpg,0.592610619469
8006234274.jpg,0.763451327434
9237285028.jpg,0.597617924528
4436002363.jpg,0.512208737864
2124048872.jpg,0.497826086957
5796923587.jpg,0.673928571429
6727661759.jpg,0.604138655462
6249766642.jpg,0.7452631578950001
8178540063.jpg,0.471852678571
3116503568.jpg,0.431339285714
8247844062.jpg,0.666886792453
8509241021.jpg,0.31398648648599997
3132085493.jpg,0.684807692308
2444937456.jpg,0.6771739130429999
323541643.jpg,0.23550000000000001
3960629357.jpg,0.609537671233
4397886158.jpg,0.611381578947
3362731032.jpg,0.7669374999999999
3355714233.jpg,0.588898305085
8357913829.jpg,0.41493749999999996
4966811903.jpg,0.626
9975733946.jpg,0.691858974359
4456140613.jpg,0.774358974359
5321706893.jpg,0.5714194915249999
5530579735.jpg,0.42106521739100006
3421464878.jpg,0.6359403669720001
5849249346.jpg,0.7742105263160001
10927420963.jpg,0.649551282051
4075989770.jpg,0.466399082569
7419326966.jpg,0.743938679245
6870782384.jpg,0.67
5090549164.jpg,0.663599137931
6048178491.jpg,0.32393805309699997
9905676544.jpg,0.536428571429
9352825622.jpg,0.6874788135590001
5927112319.jpg,0.702847222222
9363143543.jpg,0.658318584071
8023758470.jpg,0.6727966101689999
7072533905.jpg,0.7324532710280001
2857618850.jpg,0.732394957983
8320423007.jpg,0.36102941176500003
2692538398.jpg,0.591804347826
6112534853.jpg,0.545884955752
2225421381.jpg,0.7732983193280001
3892332557.jpg,0.531971153846
8089499290.jpg,0.6892499999999999
6078173140.jpg,0.7171428571430001
8016871394.jpg,0.751743119266
5683736894.jpg,0.323919491525
4139991387.jpg,0.567413043478
8351907965.jpg,0.770745192308
6162009461.jpg,0.659976635514
6201268474.jpg,0.657889908257
7442226424.jpg,0.539957627119
6194409059.jpg,0.779256756757
2988609766.jpg,0.499159292035
5617865491.jpg,0.539110576923
5399180378.jpg,0.6985891089109999
4683892759.jpg,0.524275700935
6238087656.jpg,0.6645518867920001
8113369457.jpg,0.731875
4742025728.jpg,0.62359375
9265274583.jpg,0.511346153846
5849271016.jpg,0.740909090909
10569725133.jpg,0.7430088495580001
8100783568.jpg,0.596512605042
4903384785.jpg,0.6320945945950001
5128108683.jpg,0.6984999999999999
6622738777.jpg,0.497176724138
5681342957.jpg,0.7502500000000001
4905995730.jpg,0.7838194444440001
7951947544.jpg,0.487905405405
4972553952.jpg,0.655878378378
5692933688.jpg,0.729342105263
3303080079.jpg,0.80527027027
6658108283.jpg,0.269695652174
11155257336.jpg,0.5828738317759999
9561571974.jpg,0.669288793103
46658329.jpg,0.537435897436
6350199154.jpg,0.50225
3962058482.jpg,0.25452702702700003
9657273121.jpg,0.616703539823
3566227002.jpg,0.6884223300969999
2322154086.jpg,0.549785714286
3532374814.jpg,0.688245192308
165074300.jpg,0.713676470588
6046652289.jpg,0.730911214953
5398457925.jpg,0.39325000000000004
6171193930.jpg,0.34314285714299997
9232794108.jpg,0.7324532710280001
8636633195.jpg,0.69797826087
7843258130.jpg,0.680405405405
392558137.jpg,0.407302631579
872022815.jpg,0.30826923076900004
9241531106.jpg,0.737118644068
9795259723.jpg,0.6839955357140001
8935938604.jpg,0.656134453782
200825729.jpg,0.6706875
9055879747.jpg,0.542844036697
3761038439.jpg,0.5612790697669999
6326902733.jpg,0.662633928571
7999886083.jpg,0.715913043478
1646704912.jpg,0.597617924528
8717130944.jpg,0.727542016807
459891743.jpg,0.714594594595
6653174291.jpg,0.5828738317759999
3673357278.jpg,0.675110619469
8819567462.jpg,0.401875
4396643142.jpg,0.72925
3164921799.jpg,0.5727678571429999
826373.jpg,0.777457983193
2540676775.jpg,0.418455882353
5745624995.jpg,0.557828947368
7841765362.jpg,0.701635338346
6197628088.jpg,0.7601388888889999
5832751066.jpg,0.737941176471
5342791481.jpg,0.332431192661
5649238461.jpg,0.486584821429
5066476555.jpg,0.755296610169
6870048801.jpg,0.7382500000000001
483164670.jpg,0.420384615385
2236041996.jpg,0.34289473684199995
9106148302.jpg,0.734311023622
6060968148.jpg,0.652521186441
2495556421.jpg,0.786875
7591870206.jpg,0.6016025641030001
7061755895.jpg,0.795306603774
5793101915.jpg,0.758
6829189111.jpg,0.710048543689
10126857344.jpg,0.6873319327730001
7673637784.jpg,0.569474789916
6831984052.jpg,0.763014705882
8433107122.jpg,0.7053571428569999
10399580503.jpg,0.766371681416
7954849148.jpg,0.791822429907
2941933060.jpg,0.794789915966
2944165349.jpg,0.39958333333299995
9694884270.jpg,0.541011904762
9188509301.jpg,0.7421875
7180497616.jpg,0.5686228813559999
6921873872.jpg,0.368473451327
6458056243.jpg,0.426880530973
8053452721.jpg,0.5308686440679999
4943600012.jpg,0.6937980769230001
9669417942.jpg,0.6445624999999999
8351745980.jpg,0.615257009346
4109408743.jpg,0.739915254237
11054039594.jpg,0.427352941176
6169499538.jpg,0.77725
8308350290.jpg,0.635565217391
4958359048.jpg,0.635685840708
2943372707.jpg,0.642033898305
4062759482.jpg,0.336474358974
8742323176.jpg,0.556995798319
8512455050.jpg,0.571294642857
6117273943.jpg,0.72671875
5007844069.jpg,0.529029126214
5519858461.jpg,0.6985576923079999
2164495332.jpg,0.399929245283
2503869220.jpg,0.42018691588800006
4214814193.jpg,0.71640625
3673502264.jpg,0.49905405405400005
8517833832.jpg,0.349166666667
7654676706.jpg,0.546650485437
6321269427.jpg,0.416207627119
3497202348.jpg,0.555540540541
9136502604.jpg,0.73031512605
8329958275.jpg,0.76625
2836927819.jpg,0.820897435897
5409841653.jpg,0.696125
6779633762.jpg,0.712428571429
5215856083.jpg,0.710526315789
375084308.jpg,0.590527522936
8515263910.jpg,0.5793243243239999
5827460813.jpg,0.602881355932
6096610009.jpg,0.674894067797
1084984228.jpg,0.348319327731
5871068150.jpg,0.6277100840340001
8248519358.jpg,0.738026315789
9076304306.jpg,0.341386554622
3437594883.jpg,0.347690677966
5959274849.jpg,0.4726875
3361988100.jpg,0.69578125
8878353214.jpg,0.66142
5065354809.jpg,0.6777952755910001
10463583515.jpg,0.766973684211
7119041313.jpg,0.682375
4782987041.jpg,0.7903125
4605015781.jpg,0.5834558823529999
7490518604.jpg,0.660480769231
269509962.jpg,0.5867633928570001
8420816712.jpg,0.42392241379300005
10990887046.jpg,0.5807653061220001
5701314350.jpg,0.755420353982
5625825104.jpg,0.671460176991
4535634069.jpg,0.648141025641
4740901654.jpg,0.535625
440297710.jpg,0.5752777777779999
3581381105.jpg,0.753199152542
9560250736.jpg,0.43871794871799996
8121986127.jpg,0.7539473684210001
10620203775.jpg,0.208611111111
7316131560.jpg,0.719646017699
10481974434.jpg,0.424615384615
357641600.jpg,0.213130252101
5530039463.jpg,0.505
3129647217.jpg,0.806013513514
5198400630.jpg,0.5843269230770001
6996264658.jpg,0.627654867257
8457028188.jpg,0.77858974359
8573294301.jpg,0.33676470588199997
2923794448.jpg,0.724466019417
10058760545.jpg,0.152293577982
4562998069.jpg,0.7219444444440001
2301461383.jpg,0.5725
5485536219.jpg,0.43354330708699995
3980253534.jpg,0.542234513274
7980164509.jpg,0.540023584906
4586207743.jpg,0.6129375
4704686099.jpg,0.500285714286
8986202022.jpg,0.680131578947
4124391067.jpg,0.228834745763
3645793167.jpg,0.7172572815530001
8398445064.jpg,0.641526548673
4447897373.jpg,0.4988125
5144938786.jpg,0.735707964602
2601219815.jpg,0.46478991596599994
1351464251.jpg,0.688504672897
6962529393.jpg,0.599285714286
4871407891.jpg,0.616165254237
6642387989.jpg,0.8256603773579999
2492228578.jpg,0.311756756757
3351610329.jpg,0.6589508928569999
10665464526.jpg,0.769138655462
7019402255.jpg,0.7035840707959999
7337936636.jpg,0.7655625
6252006096.jpg,0.38447265625
4215952664.jpg,0.764911504425
4772591404.jpg,0.627673913043
4975990286.jpg,0.6915540540540001
5550230387.jpg,0.620051020408
6202357240.jpg,0.514956896552
9545794561.jpg,0.731363636364
5128049833.jpg,0.5028846153850001
7277660018.jpg,0.71447826087
2360058082.jpg,0.24281779661000003
4045599734.jpg,0.727056074766
366471935.jpg,0.7965000000000001
8064361291.jpg,0.384806034483
2125600207.jpg,0.7041891891890001
8851705236.jpg,0.292
3812865597.jpg,0.678102678571
9528268471.jpg,0.7487155963300001
6596085063.jpg,0.621111111111
5645568177.jpg,0.562972972973
4989044190.jpg,0.679705882353
7203007382.jpg,0.380526315789
3716186057.jpg,0.187110091743
10287677265.jpg,0.641272321429
3220921320.jpg,0.616486486486
9935622.jpg,0.398728813559
435179511.jpg,0.779513274336
5216419230.jpg,0.7183108108109999
6980277214.jpg,0.613990825688
2055589084.jpg,0.384806034483
4099198318.jpg,0.497431192661
4920539113.jpg,0.746153846154
9198766588.jpg,0.727894736842
7158901982.jpg,0.627654867257
8909361776.jpg,0.684864864865
5501090896.jpg,0.617563559322
8706810197.jpg,0.706050420168
4906429431.jpg,0.802838983051
6333581509.jpg,0.723834745763
6179066994.jpg,0.623830275229
4690684792.jpg,0.594129464286
4921823031.jpg,0.7047794117649999
6887917604.jpg,0.471852678571
8553471741.jpg,0.53078125
8535035859.jpg,0.475586956522
5569876905.jpg,0.48402542372900004
3301587792.jpg,0.434174528302
8154345084.jpg,0.747740384615
7408729508.jpg,0.673683035714
5915252762.jpg,0.41366071428600004
4659357736.jpg,0.469439655172
2964746234.jpg,0.38725000000000004
7843799770.jpg,0.656827731092
7312266068.jpg,0.5331875
5487766524.jpg,0.500805084746
5657799294.jpg,0.33342920354
6219475255.jpg,0.611808035714
8627453045.jpg,0.742660550459
5537911913.jpg,0.69234375
3537245055.jpg,0.59
8244040268.jpg,0.736458333333
6123909061.jpg,0.712867647059
5766806996.jpg,0.2361875
11370407443.jpg,0.473434782609
8282376526.jpg,0.6033944954129999
5791107273.jpg,0.52046875
2464934588.jpg,0.407986111111
8595948410.jpg,0.334260869565
7652900928.jpg,0.604717391304
2848420274.jpg,0.666732673267
7017996705.jpg,0.590913793103
4922860865.jpg,0.470379464286
4855511701.jpg,0.48625
8218987987.jpg,0.849009433962
4430203972.jpg,0.677638888889
4767640691.jpg,0.45129716981100004
307525026.jpg,0.609358974359
3199733593.jpg,0.620654205607
10633933603.jpg,0.588898305085
6283627097.jpg,0.578247663551
2362957665.jpg,0.741041666667
4391517237.jpg,0.548899082569
6490629733.jpg,0.715913043478
3385195104.jpg,0.7000635593219999
4852968688.jpg,0.612544642857
3259283855.jpg,0.454623893805
7651161432.jpg,0.802146017699
395315549.jpg,0.521875
1241002913.jpg,0.540902777778
6895365088.jpg,0.704314159292
2596393826.jpg,0.53472972973
8142588958.jpg,0.686941964286
2197565905.jpg,0.674852941176
7807631220.jpg,0.8136383928569999
4113272660.jpg,0.603705357143
9007177518.jpg,0.67966796875
6226355668.jpg,0.676991525424
2503685415.jpg,0.539137931034
3491336743.jpg,0.372688679245
8195809276.jpg,0.5292647058819999
9543397077.jpg,0.74425
7480977716.jpg,0.570841346154
8341991106.jpg,0.756659663866
6842750557.jpg,0.294166666667
5748620149.jpg,0.569821428571
3532282772.jpg,0.603857758621
2350031609.jpg,0.4
5681801478.jpg,0.46635135135100003
8230351643.jpg,0.298341584158
258893048.jpg,0.58475
8464428247.jpg,0.191792035398
2985434942.jpg,0.49125
8681619509.jpg,0.570405405405
2859973577.jpg,0.741417910448
9665864657.jpg,0.664107142857
1085590803.jpg,0.24055803571399997
10346796664.jpg,0.706504424779
10706770686.jpg,0.7685194174759999
2906250648.jpg,0.437287735849
5752256334.jpg,0.556381578947
10905088155.jpg,0.637139830508
8388736592.jpg,0.515023364486
7875422248.jpg,0.7412179487180001
5597029310.jpg,0.433
4406927427.jpg,0.531490825688
2762549217.jpg,0.698448275862
7405428626.jpg,0.448368644068
6112607748.jpg,0.721467889908
2128879923.jpg,0.312008928571
3721179887.jpg,0.43587837837800003
6004662053.jpg,0.719934210526
8826596290.jpg,0.33159722222200005
9066761491.jpg,0.639336283186
4005014529.jpg,0.561067961165
3285723816.jpg,0.358177966102
7795324248.jpg,0.727894736842
4448707293.jpg,0.744809322034
4367864472.jpg,0.574327731092
5155188582.jpg,0.557224770642
8693359675.jpg,0.528571428571
4908270930.jpg,0.463371559633
9334502001.jpg,0.5303289473680001
7238696504.jpg,0.575608108108
8702450132.jpg,0.5754268292679999
6961812492.jpg,0.635263157895
9170799378.jpg,0.7429241071430001
5146023515.jpg,0.68375
5164262533.jpg,0.643716814159
1571972975.jpg,0.509004854369
3742811862.jpg,0.548075221239
8859569385.jpg,0.790066964286
641595598.jpg,0.74747826087
155365010.jpg,0.2114375
9307347958.jpg,0.287291666667
6965747606.jpg,0.794864864865
4389836139.jpg,0.375357142857
10316734944.jpg,0.6730555555559999
9314256771.jpg,0.692297297297
7186783534.jpg,0.52718487395
3518866605.jpg,0.6076219512200001
3515651386.jpg,0.638023255814
9480702491.jpg,0.733622881356
5037000610.jpg,0.693571428571
9141930190.jpg,0.5950625
5266123407.jpg,0.7404094827590001
2064478851.jpg,0.425420353982
6569878593.jpg,0.650588235294
8108820426.jpg,0.816495327103
3644585173.jpg,0.509935897436
9517140367.jpg,0.5727678571429999
4770545465.jpg,0.718185840708
253771260.jpg,0.377125
6849557935.jpg,0.23072368421099998
5352670374.jpg,0.6669158878499999
6408985463.jpg,0.487591743119
2417107784.jpg,0.615257009346
5479353117.jpg,0.536319444444
6500646971.jpg,0.7867452830189999
4781552174.jpg,0.6821100917430001
11061633946.jpg,0.357837837838
4599648667.jpg,0.267721238938
2720757001.jpg,0.328541666667
278636331.jpg,0.5808705357139999
7920824878.jpg,0.625
6146595160.jpg,0.716261682243
2261421219.jpg,0.7525
7032481793.jpg,0.168310810811
4491574274.jpg,0.713421052632
2796774323.jpg,0.7841741071430001
4830054430.jpg,0.735377358491
4877994171.jpg,0.542905405405
2100483102.jpg,0.55768907563
6015032576.jpg,0.44777027027000005
6782077853.jpg,0.187401960784
8533805271.jpg,0.577368421053
3184831791.jpg,0.711621621622
4194035905.jpg,0.706418918919
8466719811.jpg,0.720064102564
6820819077.jpg,0.704059633028
5191833722.jpg,0.335373831776
4697661900.jpg,0.6403289473680001
6065704403.jpg,0.677432432432
8718592525.jpg,0.7058695652170001
7664231886.jpg,0.675202702703
8530869068.jpg,0.643456521739
3358682007.jpg,0.66777027027
2065722620.jpg,0.6796621621619999
8350532456.jpg,0.6686134453779999
7586560076.jpg,0.662108695652
4435765484.jpg,0.567821100917
3913188131.jpg,0.7996428571430001
4480082097.jpg,0.7637820512819999
5644548369.jpg,0.7586875000000001
8565941333.jpg,0.730401785714
6836104801.jpg,0.717347826087
8299281180.jpg,0.754690265487
10013822223.jpg,0.6830625
4243451745.jpg,0.7427118644070001
6844773508.jpg,0.755767326733
4561013937.jpg,0.523877118644
5545551375.jpg,0.6447916666669999
3297887749.jpg,0.69608974359
7839484666.jpg,0.7075
6005119430.jpg,0.560266990291
299519765.jpg,0.7495
2363413290.jpg,0.4775
3381345467.jpg,0.466305309735
6978651748.jpg,0.712345132743
6915781600.jpg,0.745986842105
8132835141.jpg,0.8372706422020001
341491962.jpg,0.581810344828
4360974596.jpg,0.48420168067200003
5805954950.jpg,0.728470873786
8104089685.jpg,0.602364864865
5890294263.jpg,0.636116071429
358360301.jpg,0.6685398230090001
2808265543.jpg,0.39768292682899997
8528201518.jpg,0.794864864865
3247694646.jpg,0.628341584158
461078499.jpg,0.133050847458
9727736297.jpg,0.567432432432
8056188485.jpg,0.509159663866
483591009.jpg,0.6283495145629999
3365447434.jpg,0.224375
5050399849.jpg,0.545935114504
8657980323.jpg,0.7409210526319999
8454542185.jpg,0.6975
4670475171.jpg,0.7816176470589999
3951898034.jpg,0.7195
8460154333.jpg,0.44672018348599996
7194820358.jpg,0.808716814159
2345921877.jpg,0.5308823529410001
6037494854.jpg,0.549933035714
772323238.jpg,0.470183486239
3175529254.jpg,0.55873853211
7937116986.jpg,0.720711009174
7875374202.jpg,0.704059633028
5251948512.jpg,0.713860759494
9475748691.jpg,0.515855263158
5140673192.jpg,0.57561440678
5483697378.jpg,0.538147321429
2503231447.jpg,0.54953539823
5997968998.jpg,0.63325
9689861322.jpg,0.402224576271
3207927028.jpg,0.33012820512799995
3615125120.jpg,0.676991525424
8591936597.jpg,0.7995394736839999
9178485751.jpg,0.604568965517
5105331099.jpg,0.158058035714
8688105270.jpg,0.747201834862
5838329706.jpg,0.5769036697250001
6705859439.jpg,0.723834745763
9822906336.jpg,0.524642857143
4602555754.jpg,0.46698529411800005
9118386163.jpg,0.641971153846
10910262455.jpg,0.42176339285700004
8506515372.jpg,0.710135135135
2986131608.jpg,0.505723684211
4728497082.jpg,0.708453389831
7778203492.jpg,0.4121875
4000500172.jpg,0.529527027027
8051569032.jpg,0.772935779817
8451346661.jpg,0.7678813559319999
9179494563.jpg,0.618347826087
6104666546.jpg,0.665805084746
7001480005.jpg,0.596418918919
4411449023.jpg,0.6661084905660001
9923967865.jpg,0.8150624999999999
5243003019.jpg,0.438580508475
2063914625.jpg,0.443125
5947239727.jpg,0.622544247788
3347228837.jpg,0.707714285714
3224295308.jpg,0.610334821429
3195516092.jpg,0.694092920354
3817779484.jpg,0.5074264705880001
10486107003.jpg,0.6799305555559999
818793256.jpg,0.586113445378
8077634378.jpg,0.6844374999999999
5716274912.jpg,0.692785714286
6229984844.jpg,0.592948113208
5036248276.jpg,0.6132339449540001
9767747482.jpg,0.5351304347829999
3985602874.jpg,0.664
4623510365.jpg,0.6727966101689999
10784159775.jpg,0.748849557522
7417878338.jpg,0.8048695652169999
8730747598.jpg,0.43688073394500004
8357323256.jpg,0.628384955752
7463764592.jpg,0.7918918918919999
3783568353.jpg,0.606152173913
3132669524.jpg,0.285924369748
6875495692.jpg,0.557429906542
7991164057.jpg,0.608861607143
9823593036.jpg,0.6714347826089999
3974701478.jpg,0.546590909091
8975620960.jpg,0.508683035714
2189933975.jpg,0.46157894736800004
7285012394.jpg,0.6670270270269999
8403312891.jpg,0.43825000000000003
9205194326.jpg,0.615
7136073057.jpg,0.621689189189
8507000235.jpg,0.164403669725
6177166693.jpg,0.701788990826
9654462771.jpg,0.7995394736839999
8595845896.jpg,0.574864864865
6840500976.jpg,0.5784174311929999
4298186333.jpg,0.6951694915250001
8552590099.jpg,0.7058695652170001
5991710179.jpg,0.6008783783780001
10423472445.jpg,0.725705128205
5656494008.jpg,0.692297297297
5454942480.jpg,0.630847457627
4525595896.jpg,0.5384459459459999
7319806894.jpg,0.634038461538
6537543865.jpg,0.325398230088
6940202479.jpg,0.651495327103
4568150681.jpg,0.742543103448
6321752444.jpg,0.574864864865
4518414673.jpg,0.470792682927
9387665300.jpg,0.789330357143
9297933012.jpg,0.39452173913000005
7981422171.jpg,0.49162162162199996
92317233.jpg,0.26025
8646019769.jpg,0.6631818181820001
5414221487.jpg,0.72775
5489335291.jpg,0.764911504425
4591311320.jpg,0.7001960784310001
10039534103.jpg,0.76075
482147713.jpg,0.738082524272
8560249157.jpg,0.33931249999999996
5107410477.jpg,0.5616313559320001
4765708291.jpg,0.707754237288
8673410143.jpg,0.8260625
351997474.jpg,0.506586538462
2657101675.jpg,0.615504587156
5681482199.jpg,0.6133823529410001
7751603360.jpg,0.360435779817
7054584681.jpg,0.656621621622
6189434531.jpg,0.522280405405
9348876103.jpg,0.49125
6111148526.jpg,0.276081081081
434605634.jpg,0.700581896552
10453950204.jpg,0.58975
4777807371.jpg,0.583783783784
8670498239.jpg,0.715412844037
3166870228.jpg,0.23392857142899998
8636582269.jpg,0.73703125
8452772155.jpg,0.7180582524269999
5631644954.jpg,0.480818965517
6109808754.jpg,0.7580932203390001
8751989930.jpg,0.252605932203
3157055534.jpg,0.411548672566
9098295579.jpg,0.758340707965
3755358004.jpg,0.6930405405410001
6000347443.jpg,0.707347972973
6947747616.jpg,0.62875
9692544079.jpg,0.439423076923
7908884988.jpg,0.709722222222
3314110889.jpg,0.678102678571
8400557154.jpg,0.6331696428570001
8303662528.jpg,0.6560044642859999
8055570957.jpg,0.4383125
7942038522.jpg,0.555089285714
7155826261.jpg,0.692834821429
5674445474.jpg,0.678088235294
9607964223.jpg,0.7462142857140001
5478338919.jpg,0.706743697479
2381196755.jpg,0.23540178571399997
2474265369.jpg,0.406717391304
7903686666.jpg,0.605752212389
2622466873.jpg,0.579174311927
7911502338.jpg,0.509380530973
7979712862.jpg,0.560474137931
5562631980.jpg,0.7332974137930001
6967934649.jpg,0.7176834862389999
6178467080.jpg,0.751101694915
6256521905.jpg,0.726816037736
9131687822.jpg,0.739586956522
9716988368.jpg,0.724790076336
2785267250.jpg,0.741146788991
5959668491.jpg,0.724051724138
9457716836.jpg,0.7260091743120001
8447352918.jpg,0.436642857143
5660004991.jpg,0.40239495798299996
4085075628.jpg,0.5379999999999999
30054528.jpg,0.693072033898
3483457230.jpg,0.550069444444
5404092797.jpg,0.700581896552
5350540236.jpg,0.693571428571
8727585507.jpg,0.58375
6059213593.jpg,0.618793103448
5293191802.jpg,0.6508482142859999
142117255.jpg,0.679625
5277411499.jpg,0.367991071429
8094870766.jpg,0.7133474576269999
6927606175.jpg,0.743411016949
3290454927.jpg,0.43788135593200006
4901671249.jpg,0.47435714285700004
4858527470.jpg,0.4850625
359723983.jpg,0.720934782609
5035645781.jpg,0.577875
2323828778.jpg,0.421875
8817313814.jpg,0.72313559322
5999450318.jpg,0.491602564103
4255841453.jpg,0.610540540541
3725954413.jpg,0.487477876106
242503451.jpg,0.179772727273
3356844198.jpg,0.616617647059
10468110795.jpg,0.614754464286
6072373526.jpg,0.698528037383
4172951303.jpg,0.561216814159
11410690075.jpg,0.71358490566
6504283859.jpg,0.498944954128
6021031344.jpg,0.705044247788
1519650440.jpg,0.53156779661
8152535252.jpg,0.17802752293600002
3726632967.jpg,0.6572499999999999
2815247737.jpg,0.401327433628
3201560837.jpg,0.41734375
8929337311.jpg,0.596582568807
5224064761.jpg,0.716802884615
4862615903.jpg,0.667809734513
5446222117.jpg,0.722629310345
8284022272.jpg,0.7062715517239999
8142530403.jpg,0.6714347826089999
6903462833.jpg,0.62125
6679373485.jpg,0.42662500000000003
10961758274.jpg,0.751806722689
9401940143.jpg,0.414642857143
5633412794.jpg,0.7202500000000001
3417613077.jpg,0.49859223301
5535937496.jpg,0.491121495327
325203196.jpg,0.15224137931
8509120510.jpg,0.6225
6915332491.jpg,0.76438559322
6622717529.jpg,0.7453879310339999
4787556835.jpg,0.679
6844145276.jpg,0.7385044642859999
3713010621.jpg,0.44017857142899997
2770155406.jpg,0.632433035714
10806677866.jpg,0.609054054054
5782928744.jpg,0.623402777778
4364606780.jpg,0.789625
3841509426.jpg,0.357934782609
141683460.jpg,0.685945378151
5433364879.jpg,0.30256302521
2168323029.jpg,0.5305
8430770537.jpg,0.742543103448
5975565227.jpg,0.485423728814
8836006786.jpg,0.73785046729
4679147725.jpg,0.7002008928569999
8230377264.jpg,0.387421259843
7283094026.jpg,0.7834375
9648549075.jpg,0.735537383178
4991939718.jpg,0.62641509434
2585752058.jpg,0.586728971963
9618367899.jpg,0.726946902655
2649625286.jpg,0.6766294642859999
1266777709.jpg,0.6414423076920001
6228242896.jpg,0.49583333333299995
2832980159.jpg,0.71640625
9866692876.jpg,0.6810924369750001
5438275650.jpg,0.631394230769
8498192267.jpg,0.375152173913
5803562101.jpg,0.651834862385
364905354.jpg,0.747389380531
9482512663.jpg,0.804146341463
9445074981.jpg,0.7469537815130001
7167005638.jpg,0.296956521739
2298165172.jpg,0.6613571428570001
3840923045.jpg,0.531013513514
8468299060.jpg,0.586728971963
5937141958.jpg,0.651184210526
4422726404.jpg,0.681049107143
6149786725.jpg,0.698986486486
5036806312.jpg,0.395486725664
6132160018.jpg,0.328813559322
6893891182.jpg,0.454230769231
8441623412.jpg,0.7582894736839999
8345197886.jpg,0.6417763157890001
10173544123.jpg,0.651055555556
8199545794.jpg,0.776592920354
10089177336.jpg,0.7294594594589999
3604508101.jpg,0.6355
3714832332.jpg,0.46617647058800005
7695585576.jpg,0.8294537815130001
8665123695.jpg,0.649724576271
563363297.jpg,0.44224358974399997
5912436872.jpg,0.6640540540540001
6162845121.jpg,0.7108715596330001
6521723915.jpg,0.72752293578
7102805935.jpg,0.735168067227
4622287144.jpg,0.74425
6978738588.jpg,0.727115384615
3702671816.jpg,0.688
7537722246.jpg,0.65535046729
8308200442.jpg,0.6728448275860001
3826585780.jpg,0.723834745763
9484990711.jpg,0.307
4005784260.jpg,0.69981092437
6257550303.jpg,0.412012711864
9021755853.jpg,0.66
8521866643.jpg,0.778513513514
2364482871.jpg,0.595668316832
9587630414.jpg,0.7531874999999999
7281146720.jpg,0.731327433628
7525316320.jpg,0.590527522936
8715241935.jpg,0.626323529412
9060697338.jpg,0.571891891892
5519904752.jpg,0.364264705882
6003444578.jpg,0.8065000000000001
6153674206.jpg,0.7453879310339999
7964545096.jpg,0.205762711864
489975423.jpg,0.71675
3563134047.jpg,0.700353773585
5734064610.jpg,0.496674311927
3663320781.jpg,0.7596120689660001
5952909406.jpg,0.547345132743
7816938468.jpg,0.599391891892
8510093470.jpg,0.718616071429
7222616846.jpg,0.761588983051
9198779264.jpg,0.45049107142899997
5099738809.jpg,0.670778301887
331406867.jpg,0.194411764706
8746934807.jpg,0.470042372881
8644207930.jpg,0.26418918918900003
6946130339.jpg,0.693571428571
9458721242.jpg,0.58092920354
5286915372.jpg,0.7041379310339999
71458295.jpg,0.629789915966
11018079835.jpg,0.766602564103
10678350303.jpg,0.66786637931
3255665645.jpg,0.763
11452299875.jpg,0.7446086956519999
8676415201.jpg,0.665580357143
4981184708.jpg,0.5558878504670001
6419593777.jpg,0.6841216216220001
6105670251.jpg,0.757394067797
6163705024.jpg,0.7664955357140001
4757093692.jpg,0.722429906542
6995599343.jpg,0.687678571429
1777841357.jpg,0.557981651376
5443888755.jpg,0.563029661017
7899104502.jpg,0.510840707965
10351189716.jpg,0.6101875
3903483278.jpg,0.4225
6915315864.jpg,0.687678571429
8101870815.jpg,0.614017857143
2690466413.jpg,0.49052631578899997
4804146129.jpg,0.39881944444399997
8994347098.jpg,0.732923728814
9763431522.jpg,0.820721153846
6658947687.jpg,0.476995412844
5529298204.jpg,0.6665625
4908441792.jpg,0.46219339622600003
2361724609.jpg,0.40668750000000004
3596611917.jpg,0.5441525423729999
8165323576.jpg,0.22245575221199998
3146801905.jpg,0.35375
4991407708.jpg,0.6843478260870001
8185807831.jpg,0.61232300885
5474715935.jpg,0.655
11126091314.jpg,0.42547297297299996
6385461657.jpg,0.6718609022559999
9406525947.jpg,0.6873319327730001
2129680216.jpg,0.795642201835
4830420359.jpg,0.583849557522
2636294461.jpg,0.6755462184869999
6669002441.jpg,0.7460546875
5462654627.jpg,0.770434782609
6593133897.jpg,0.628391304348
62503983.jpg,0.363974358974
6252913864.jpg,0.48276086956500003
6318611647.jpg,0.49277777777799997
11060185873.jpg,0.630148305085
6895353221.jpg,0.485227272727
2956548148.jpg,0.285973451327
3577464388.jpg,0.6766294642859999
11559530473.jpg,0.5792499999999999
9677255399.jpg,0.375118243243
4922892935.jpg,0.743411016949
9245144961.jpg,0.597721238938
6423969851.jpg,0.454390756303
8232481457.jpg,0.45270089285700005
8864018641.jpg,0.662887931034
6645063001.jpg,0.433686440678
3822506826.jpg,0.38506302521
3308341801.jpg,0.278474576271
2285382083.jpg,0.641272321429
10388184626.jpg,0.785802752294
3628043.jpg,0.7075
8113113251.jpg,0.67
5433512452.jpg,0.615231092437
2303343292.jpg,0.6089634146339999
632270898.jpg,0.665105932203
6727094363.jpg,0.28686440678
4206004485.jpg,0.201125
14092652.jpg,0.690275423729
5297588508.jpg,0.531283185841
2102208013.jpg,0.81017699115
417853178.jpg,0.742087378641
8155106995.jpg,0.611381578947
6949001721.jpg,0.5070625
8430044905.jpg,0.537123893805
6727591153.jpg,0.7273305084749999
203950866.jpg,0.727542016807
4463917829.jpg,0.501316964286
3660664464.jpg,0.67762605042
7229767436.jpg,0.688922018349
8998348605.jpg,0.6790825688069999
7979893598.jpg,0.521941964286
9592992525.jpg,0.491128318584
570171486.jpg,0.644131355932
6762482065.jpg,0.663067226891
513723164.jpg,0.561216814159
9093638609.jpg,0.285466101695
3078217018.jpg,0.446592920354
3068655528.jpg,0.582434210526
9539965008.jpg,0.759375
9413392698.jpg,0.5447222222220001
992920521.jpg,0.657364864865
8333814090.jpg,0.462351694915
4923216773.jpg,0.750290178571
6602870035.jpg,0.7206092436970001
4543035277.jpg,0.7283189655169999
9372534946.jpg,0.617972972973
218453569.jpg,0.616617647059
3176625404.jpg,0.505
5426100555.jpg,0.553574766355
11433593823.jpg,0.629486607143
9609818482.jpg,0.6915887850469999
5734758076.jpg,0.6576635514020001
8113498731.jpg,0.721
8395711832.jpg,0.383012820513
9376075949.jpg,0.7108715596330001
9923882853.jpg,0.5469491525419999
6000377344.jpg,0.48692857142900003
8093852043.jpg,0.475840517241
9130908149.jpg,0.6353361344540001
6015806731.jpg,0.80702173913
8665859306.jpg,0.595391304348
8680382358.jpg,0.7504201680670001
6034305010.jpg,0.267075892857
4704193975.jpg,0.523581081081
2715181629.jpg,0.64880733945
10631630073.jpg,0.21411637931000002
4698449914.jpg,0.437891791045
6995068299.jpg,0.658664122137
8009623425.jpg,0.730127118644
6965585396.jpg,0.516148648649
4312794040.jpg,0.629789915966
5692969991.jpg,0.719054054054
8433138741.jpg,0.7199159663870001
4947572555.jpg,0.699027777778
8892359151.jpg,0.551824324324
3733701155.jpg,0.790405405405
6577912541.jpg,0.725763888889
9244573247.jpg,0.508173076923
4842717407.jpg,0.6250669642860001
10597114264.jpg,0.728928571429
2951011449.jpg,0.6821100917430001
9534283737.jpg,0.764978991597
2868514181.jpg,0.483411214953
8333683532.jpg,0.703717391304
2093652366.jpg,0.45229166666700005
7955276034.jpg,0.405558035714
7499781424.jpg,0.69797826087
5286800940.jpg,0.593
129023751.jpg,0.7767647058820001
4739558783.jpg,0.643028846154
5763573511.jpg,0.447457983193
3259319485.jpg,0.71224
7437035640.jpg,0.527878151261
84018414.jpg,0.622857142857
5876051594.jpg,0.71125
7316218852.jpg,0.48347826087
5001866078.jpg,0.658051724138
7096133531.jpg,0.6640120967740001
6307302399.jpg,0.8010747663550001
6093527262.jpg,0.747958715596
3982768803.jpg,0.535275229358
3896434582.jpg,0.475586956522
6238346062.jpg,0.73400862069
3138790639.jpg,0.682375
6803183748.jpg,0.584553571429
4262472308.jpg,0.708600917431
7265792384.jpg,0.5224519230770001
3642904232.jpg,0.718940677966
7607759408.jpg,0.350668103448
4820110338.jpg,0.549305555556
1329713028.jpg,0.527632743363
6302067502.jpg,0.677300884956
7194624166.jpg,0.769717391304
11504259765.jpg,0.435022321429
7295291032.jpg,0.692834821429
8019221019.jpg,0.44397260273999994
4423467099.jpg,0.561067961165
3603046487.jpg,0.493717948718
9642841042.jpg,0.741705607477
6877203986.jpg,0.68464953271
5137221601.jpg,0.425320512821
325223545.jpg,0.6714347826089999
9389784838.jpg,0.718616071429
8073658473.jpg,0.749579646018
1062133952.jpg,0.6098728813559999
4191882783.jpg,0.45025
9274541718.jpg,0.600731132075
564783596.jpg,0.665105932203
4103115026.jpg,0.137875
6814736135.jpg,0.463050847458
4538779976.jpg,0.47575
468574107.jpg,0.185596330275
5421731776.jpg,0.563728813559
9513920516.jpg,0.553241525424
8188524067.jpg,0.455202702703
5914413530.jpg,0.669269911504
5853259008.jpg,0.697013274336
3616806128.jpg,0.633669724771
6332554758.jpg,0.7425694444440001
5480071347.jpg,0.692632743363
5681154520.jpg,0.66325
6921149341.jpg,0.543303571429
9185475668.jpg,0.6491956521740001
11208321473.jpg,0.728470873786
3552877026.jpg,0.6727966101689999
5963776272.jpg,0.298403361345
7965307114.jpg,0.737941176471
3864280906.jpg,0.7409210526319999
10014002683.jpg,0.647627118644
4786690796.jpg,0.36565126050400004
6713488045.jpg,0.579539473684
8988892733.jpg,0.775955882353
5606634799.jpg,0.688252212389
5308844734.jpg,0.748816964286
8705536207.jpg,0.431512605042
6030949586.jpg,0.5631086956520001
5901488995.jpg,0.41405511810999995
3754491822.jpg,0.38272321428600004
6939374638.jpg,0.605375
3169607082.jpg,0.36044871794899996
6981062336.jpg,0.75907079646
9488096665.jpg,0.7660129310339999
3609473273.jpg,0.774358974359
2211658928.jpg,0.727873134328
2931243331.jpg,0.663125
7418763178.jpg,0.5505714285709999
2280531345.jpg,0.327909482759
3341085556.jpg,0.20603211009199998
5013129486.jpg,0.683623853211
8893986467.jpg,0.681891891892
6226065978.jpg,0.658851351351
8449030791.jpg,0.6325
5408602889.jpg,0.701730769231
9186366283.jpg,0.61
7323620090.jpg,0.687900943396
4949714700.jpg,0.596991150442
9263759875.jpg,0.700504201681
6983458217.jpg,0.6747596153850001
4297219009.jpg,0.408026315789
1543929747.jpg,0.337203389831
6941715715.jpg,0.647367256637
396505725.jpg,0.285705128205
3115284513.jpg,0.317627118644
6512316735.jpg,0.694308035714
8213284057.jpg,0.581029411765
4078925567.jpg,0.44653973509899997
6809286909.jpg,0.226918103448
6163494059.jpg,0.723296460177
6656519345.jpg,0.263392857143
5670925520.jpg,0.769305555556
7983529291.jpg,0.454623893805
2304572915.jpg,0.37623831775699995
6813135887.jpg,0.6609999999999999
8385552455.jpg,0.770915178571
5462153314.jpg,0.7237723214289999
3658667754.jpg,0.698448275862
6818185643.jpg,0.658620689655
8733562507.jpg,0.744397321429
5717976598.jpg,0.380192307692
3916243478.jpg,0.518878504673
8795821243.jpg,0.777027027027
362016009.jpg,0.4825
3094633355.jpg,0.5665
11501322724.jpg,0.7339375
5483273817.jpg,0.563407079646
827067298.jpg,0.697013274336
5961872098.jpg,0.131924778761
10813730303.jpg,0.400817307692
5492807512.jpg,0.630367647059
8638666116.jpg,0.716926605505
4870809935.jpg,0.788855932203
8458755761.jpg,0.70349009901
9156115930.jpg,0.46301339285700005
6293184375.jpg,0.686638655462
4432502474.jpg,0.595068807339
10244314384.jpg,0.475481651376
9905421695.jpg,0.595530973451
8039052171.jpg,0.6501116071430001
5821971629.jpg,0.45222972973
7442324444.jpg,0.597162162162
6449745557.jpg,0.73785046729
2887792801.jpg,0.567756410256
4730475136.jpg,0.505
8930347179.jpg,0.750290178571
7125596297.jpg,0.731875
4780450043.jpg,0.691388888889
395147567.jpg,0.418517241379
7955555286.jpg,0.730597345133
2855163439.jpg,0.52125
5720446079.jpg,0.465148305085
9211753203.jpg,0.301305309735
5459749774.jpg,0.497556390977
5222918882.jpg,0.7476875
4800263969.jpg,0.549719626168
6837071286.jpg,0.6576635514020001
6175048748.jpg,0.709040178571
3434261812.jpg,0.47332589285700005
7230853930.jpg,0.7222247706420001
6452613567.jpg,0.7641875
7755707532.jpg,0.7127232142859999
11407862453.jpg,0.706504424779
9427704319.jpg,0.750972222222
5494859211.jpg,0.29641509434
8894308933.jpg,0.791578947368
4305975001.jpg,0.739977678571
8210890973.jpg,0.73031512605
6782627736.jpg,0.688504672897
7287423330.jpg,0.715375
688110993.jpg,0.693571428571
8474310923.jpg,0.6469279661020001
8735700380.jpg,0.737168141593
7520824760.jpg,0.6482894736839999
6606950227.jpg,0.8065756302520001
8494026131.jpg,0.401875
9294636383.jpg,0.29678571428600004
9473084663.jpg,0.581906779661
5363058682.jpg,0.202991071429
5651165439.jpg,0.799976415094
6276334186.jpg,0.3544375
10875461386.jpg,0.553888888889
3293762912.jpg,0.579180672269
3688540831.jpg,0.709040178571
7262954956.jpg,0.748913043478
3117729596.jpg,0.506513761468
4801184295.jpg,0.727972972973
7461279878.jpg,0.631399082569
4782546865.jpg,0.670693277311
5838518725.jpg,0.658108108108
8684784453.jpg,0.692564102564
3697066196.jpg,0.649975728155
5216870847.jpg,0.527434210526
5969471767.jpg,0.48910550458700003
6591706349.jpg,0.634426605505
5678053727.jpg,0.630483193277
7992863678.jpg,0.637284482759
9321343770.jpg,0.7383783783779999
486068453.jpg,0.433879310345
9142684025.jpg,0.735861344538
85119046.jpg,0.3503125
8713381356.jpg,0.406785714286
83935018.jpg,0.4465625
6061284714.jpg,0.7452912621359999
2410920428.jpg,0.80843220339
7559495698.jpg,0.19094537815100002
8754056878.jpg,0.750290178571
8283511236.jpg,0.807962184874
2742066850.jpg,0.275022123894
6962031247.jpg,0.391658878505
9298572085.jpg,0.7327564102559999
6371973185.jpg,0.593
9211913717.jpg,0.154551282051
9053743376.jpg,0.681785714286
6642932619.jpg,0.678102678571
8988404310.jpg,0.44717289719599995
196734006.jpg,0.7247689075629999
3629779382.jpg,0.708823529412
3940847938.jpg,0.2755
7928561010.jpg,0.436116504854
3085307148.jpg,0.5269026548669999
5922588235.jpg,0.7206578947369999
6252279555.jpg,0.670699152542
178403727.jpg,0.322125
9835851375.jpg,0.67657079646
11416241303.jpg,0.683512931034
10491423125.jpg,0.725
3004729679.jpg,0.712836538462
336052627.jpg,0.426216216216
4469938423.jpg,0.555540540541
9391288768.jpg,0.7709913793100001
2059981058.jpg,0.5875
11535275706.jpg,0.7495
8443583255.jpg,0.728108695652
8137709650.jpg,0.694483870968
332288233.jpg,0.461194690265
10408374535.jpg,0.489217391304
5680571645.jpg,0.31027027027
2512779647.jpg,0.576120689655
9304302078.jpg,0.668443396226
8106557639.jpg,0.6655405405410001
5508551413.jpg,0.263785714286
1970440733.jpg,0.55875
2749377637.jpg,0.573621495327
8613516565.jpg,0.756118421053
7005136305.jpg,0.787544247788
5471871046.jpg,0.350951327434
5739537678.jpg,0.461282051282
6166766826.jpg,0.686205357143
9435287371.jpg,0.7894078947369999
8001662105.jpg,0.605915178571
7765809112.jpg,0.514705882353
8606964079.jpg,0.715265486726
8102673511.jpg,0.297614678899
9290321332.jpg,0.6847321428569999
4139461254.jpg,0.662142857143
3217227849.jpg,0.48666666666700004
3952840501.jpg,0.76
4576844747.jpg,0.6600694444440001
9433764311.jpg,0.768597560976
9634215065.jpg,0.6427455357140001
8286418266.jpg,0.731138392857
8403125101.jpg,0.67
7685698864.jpg,0.563837209302
70164643.jpg,0.732394957983
5525979481.jpg,0.46375
45323583.jpg,0.100256410256
8755824682.jpg,0.7432476635509999
9210757941.jpg,0.49035046729000004
6708806483.jpg,0.691491596639
8402295544.jpg,0.625576923077
9322601223.jpg,0.68839527027
7188151253.jpg,0.383347457627
3442838312.jpg,0.544456521739
3355209894.jpg,0.598260869565
8438194819.jpg,0.7600688073390001
8620686347.jpg,0.56
5487306011.jpg,0.59330078125
5689072971.jpg,0.461857798165
7697492926.jpg,0.653366935484
11335231214.jpg,0.689603960396
277244271.jpg,0.49058252427200005
502182808.jpg,0.7176834862389999
7029108053.jpg,0.791747572816
3916850615.jpg,0.657625
3253020934.jpg,0.698986486486
498265046.jpg,0.368875
4040650709.jpg,0.45
6396984107.jpg,0.667179487179
6702372317.jpg,0.6824528301889999
3243501762.jpg,0.37344594594599995
9678381010.jpg,0.51237804878
6143698715.jpg,0.336349557522
8568663212.jpg,0.753236607143
6230011878.jpg,0.774797297297
3443268586.jpg,0.727115384615
9502087003.jpg,0.6618243243240001
6119482341.jpg,0.656134453782
11242015725.jpg,0.637152777778
6080237953.jpg,0.595068807339
1755366250.jpg,0.147262931034
4639008494.jpg,0.365443925234
5500159889.jpg,0.35725
6585164875.jpg,0.602058823529
8691429186.jpg,0.714423076923
3518265762.jpg,0.737712264151
9068148685.jpg,0.6523786407769999
6113689999.jpg,0.7409210526319999
9021392547.jpg,0.44493421052599996
10932590295.jpg,0.38414473684199996
3358523670.jpg,0.708545081967
5812785774.jpg,0.7606026785710001
6222011944.jpg,0.631305309735
9653610008.jpg,0.734254807692
2569803000.jpg,0.578815789474
8430377800.jpg,0.5365
377273746.jpg,0.124782608696
5215794269.jpg,0.710093457944
3190025525.jpg,0.492477678571
9468744508.jpg,0.79375
2223002938.jpg,0.632569444444
5726241150.jpg,0.760391304348
2624809780.jpg,0.572375
7967382050.jpg,0.337027027027
11165746213.jpg,0.643482142857
409446076.jpg,0.398407079646
8550746603.jpg,0.821621621622
3012507882.jpg,0.476995412844
9480350471.jpg,0.5993990384619999
2407446104.jpg,0.63425
3843377036.jpg,0.572635135135
246188030.jpg,0.1035
6558436183.jpg,0.738119266055
8201445603.jpg,0.711615044248
5995040588.jpg,0.8095560747659999
9234807959.jpg,0.47015086206900003
11035760784.jpg,0.661160714286
8059797614.jpg,0.606775700935
19300996.jpg,0.23493589743600002
4239274380.jpg,0.275017123288
5868900850.jpg,0.829797297297
5748929912.jpg,0.43983193277300003
5970029392.jpg,0.641575630252
11325081573.jpg,0.500285714286
5833229623.jpg,0.6624311926609999
234944177.jpg,0.7256874999999999
9690359369.jpg,0.648255813953
5378902324.jpg,0.73125
6654380789.jpg,0.797794117647
9195654667.jpg,0.589042056075
4579620271.jpg,0.68147826087
4962875195.jpg,0.748119469027
4224633098.jpg,0.802146017699
5146611755.jpg,0.48649532710300003
4476603465.jpg,0.686357758621
6604046527.jpg,0.5590265486730001
63121245.jpg,0.503577586207
9581336227.jpg,0.581607142857
9834223025.jpg,0.570405405405
3890421755.jpg,0.579931192661
4095160762.jpg,0.658318584071
5003189524.jpg,0.74725
4213334951.jpg,0.32821428571399996
6890326436.jpg,0.6204999999999999
5821113845.jpg,0.666316964286
6994291070.jpg,0.669300847458
8377908446.jpg,0.744809322034
4728646090.jpg,0.21296460177
9065372715.jpg,0.8075
8236704145.jpg,0.7267934782609999
3870457394.jpg,0.636722689076
3932630945.jpg,0.616227678571
441241455.jpg,0.45
8113190555.jpg,0.7821710526319999
8021300262.jpg,0.744809322034
5701016184.jpg,0.45092436974800004
22947511.jpg,0.139743589744
5229829828.jpg,0.535200892857
9459450025.jpg,0.703289473684
7214629206.jpg,0.686176470588
3427902428.jpg,0.712983193277
6647398937.jpg,0.439717391304
3776716867.jpg,0.629486607143
5663852709.jpg,0.513608695652
3366831652.jpg,0.622857142857
8282451903.jpg,0.751743119266
8746542465.jpg,0.768869047619
8602273631.jpg,0.621470588235
7491724488.jpg,0.688
10544945153.jpg,0.5082352941180001
2214729676.jpg,0.25975000000000004
6904500540.jpg,0.748057692308
3281066235.jpg,0.730911214953
2243689404.jpg,0.6418125
5876722447.jpg,0.586699029126
2725180694.jpg,0.710897435897
3525647615.jpg,0.524151785714
1352428885.jpg,0.515794392523
2338832331.jpg,0.555338983051
7571885930.jpg,0.77828125
4968475623.jpg,0.567413043478
8331586612.jpg,0.6204999999999999
5764514076.jpg,0.290079617834
313650765.jpg,0.396946902655
8115433304.jpg,0.5089663461539999
3934821151.jpg,0.695683962264
7318578602.jpg,0.7789
7786382886.jpg,0.5967523364489999
7868631444.jpg,0.534933628319
4663774613.jpg,0.750120192308
8353276755.jpg,0.71125
2237630871.jpg,0.7855
6351773844.jpg,0.44815126050400006
3595766183.jpg,0.71640625
8316898244.jpg,0.6830625
3918062562.jpg,0.767435344828
10740725955.jpg,0.771482300885
3947046278.jpg,0.68375
3613844312.jpg,0.78
6938575813.jpg,0.615257009346
4242548000.jpg,0.647572815534
3855419676.jpg,0.7629054054050001
6015497423.jpg,0.625803571429
5786083032.jpg,0.561155462185
349896134.jpg,0.38705078125
7203865570.jpg,0.764722222222
4364793888.jpg,0.7273305084749999
8901015763.jpg,0.46080357142899997
6205974624.jpg,0.519558823529
9719700871.jpg,0.766778846154
6752719165.jpg,0.5924784482759999
5008940426.jpg,0.598782051282
2747111058.jpg,0.696283185841
8444194286.jpg,0.5080275229360001
3835050024.jpg,0.51814159292
8150322605.jpg,0.684513888889
5664632199.jpg,0.595602678571
3207613793.jpg,0.34299999999999997
8551222492.jpg,0.771482300885
6067571211.jpg,0.66237394958
7432159802.jpg,0.522794117647
9722821291.jpg,0.32741525423699996
11079282234.jpg,0.763617021277
9906667675.jpg,0.35468220339
2569997123.jpg,0.719197247706
6290086775.jpg,0.693571428571
8184978499.jpg,0.73675
8005792260.jpg,0.7022499999999999
485174290.jpg,0.6729729729730001
7535091270.jpg,0.655135135135
10858952303.jpg,0.455647321429
6585039061.jpg,0.128156779661
5864167034.jpg,0.455647321429
8722198954.jpg,0.585384615385
7459547170.jpg,0.651584821429
8695646882.jpg,0.7724375000000001
7767472114.jpg,0.661238938053
6544670475.jpg,0.560486725664
6251598886.jpg,0.533727678571
5798200461.jpg,0.712326086957
3784715028.jpg,0.611681034483
10048365153.jpg,0.58092920354
3403374656.jpg,0.588973214286
3014660789.jpg,0.7352500000000001
1360663704.jpg,0.7722435897440001
8473751363.jpg,0.71575
4027767419.jpg,0.5558878504670001
268926698.jpg,0.534575471698
3092999912.jpg,0.33549999999999996
3792338234.jpg,0.588898305085
4871847706.jpg,0.725743243243
3660430593.jpg,0.718529411765
11126232436.jpg,0.5220945945950001
5807318968.jpg,0.515487288136
5170858607.jpg,0.653794642857
6021411453.jpg,0.555338983051
5096803300.jpg,0.696052631579
2823812300.jpg,0.612884615385
4805501528.jpg,0.649724576271
7993315454.jpg,0.589
10680153225.jpg,0.45406521739100003
6843523713.jpg,0.562894736842
5419962760.jpg,0.697991071429
5245617824.jpg,0.49266355140199997
6905924906.jpg,0.6531944444440001
5601711871.jpg,0.7427118644070001
4691973869.jpg,0.34
4950276392.jpg,0.39476890756300004
7149494135.jpg,0.7126973684210001
3886880606.jpg,0.757798165138
2680180441.jpg,0.34286458333299996
9604185976.jpg,0.7525
8320489600.jpg,0.629666666667
11456199025.jpg,0.345448113208
5274682163.jpg,0.288081896552
6648576397.jpg,0.401470588235
8736395579.jpg,0.6933490566039999
6681891719.jpg,0.243876146789
5536798233.jpg,0.6114018691590001
1202598832.jpg,0.6306775700930001
6685463337.jpg,0.709516806723
7759565946.jpg,0.7903440366969999
9544682172.jpg,0.789509345794
6305619763.jpg,0.414861111111
9469622762.jpg,0.5710000000000001
8218123958.jpg,0.274279661017
7292757116.jpg,0.772388392857
4638196012.jpg,0.737898230088
8122853098.jpg,0.420091240876
7971560974.jpg,0.733276699029
4248616737.jpg,0.46375
9255279783.jpg,0.715756302521
5606693622.jpg,0.615231092437
3851941327.jpg,0.55495412844
9246656735.jpg,0.691
8041277931.jpg,0.7525
5920736883.jpg,0.582852112676
2910782740.jpg,0.561155462185
9978257554.jpg,0.6759999999999999
5082552221.jpg,0.365603448276
5022993325.jpg,0.707844036697
7168884193.jpg,0.742875
3499629801.jpg,0.634324324324
132921013.jpg,0.725909090909
7867041724.jpg,0.737302631579
9932883805.jpg,0.704663865546
4460254023.jpg,0.6929166666669999
6201330007.jpg,0.660747663551
8757692529.jpg,0.567923728814
3785783338.jpg,0.63395631068
5097068931.jpg,0.827361111111
4114743309.jpg,0.77732300885
4828138245.jpg,0.366125
7263783306.jpg,0.400401785714
6569780821.jpg,0.497204724409
5647215115.jpg,0.6584345794390001
6257410462.jpg,0.385195652174
5436078668.jpg,0.782563559322
616692637.jpg,0.38009345794399996
5064418031.jpg,0.372853982301
3572950777.jpg,0.7674285714289999
7819666996.jpg,0.72722972973
2114797362.jpg,0.569428571429
3653613515.jpg,0.6245871559630001
5610005411.jpg,0.6907983193280001
11275584366.jpg,0.474336283186
11287273183.jpg,0.766973684211
5922077897.jpg,0.655857142857
9727569377.jpg,0.709776785714
4556815018.jpg,0.634861111111
260267679.jpg,0.7172499999999999
5017618497.jpg,0.651822033898
6795803065.jpg,0.367991071429
9428890222.jpg,0.4438125
3078720945.jpg,0.466448598131
1543375325.jpg,0.23947478991600002
8642430238.jpg,0.6803125
8339157161.jpg,0.659778761062
6070993297.jpg,0.573095238095
6278202326.jpg,0.284256756757
122346209.jpg,0.3420625
4868050690.jpg,0.72593220339
3538380259.jpg,0.484189189189
8442848364.jpg,0.6845588235290001
10872249945.jpg,0.770434782609
9740171796.jpg,0.65878
8246007228.jpg,0.5142523364489999
518876891.jpg,0.33237394958000005
10897840884.jpg,0.748305084746
9301597304.jpg,0.347690677966
3560032600.jpg,0.662995283019
8583898549.jpg,0.67233490566
296739390.jpg,0.550833333333
7119860187.jpg,0.707234513274
7793934458.jpg,0.591880530973
3183852879.jpg,0.561486486486
4770124841.jpg,0.638109243697
2147067327.jpg,0.6714864864860001
4251971063.jpg,0.75890776699
6862937532.jpg,0.567787610619
9526812010.jpg,0.718963414634
3711573590.jpg,0.615948275862
8339210713.jpg,0.637
10856434794.jpg,0.440375
492751146.jpg,0.529092920354
8314966745.jpg,0.304225663717
2517718928.jpg,0.7306818181820001
7743542184.jpg,0.770592105263
8403342715.jpg,0.488655660377
6803834950.jpg,0.7015243902439999
5746249801.jpg,0.687934782609
4822965011.jpg,0.633728448276
2924727768.jpg,0.672920353982
6585714605.jpg,0.8040625
5973304617.jpg,0.659956521739
387259022.jpg,0.502828947368
4602769821.jpg,0.753886554622
3376669178.jpg,0.505771028037
9080769054.jpg,0.435301724138
1527228794.jpg,0.253125
5942438965.jpg,0.521217948718
9438182965.jpg,0.815675675676
4706726398.jpg,0.40935840708
11389102005.jpg,0.602920560748
6905808386.jpg,0.6132339449540001
3854279335.jpg,0.30555825242699997
6014996044.jpg,0.21947826087
5914417617.jpg,0.7018907563029999
8604323835.jpg,0.673928571429
5401046644.jpg,0.5269026548669999
3034148847.jpg,0.665105932203
7591145832.jpg,0.731008403361
10865798996.jpg,0.764722222222
9069424514.jpg,0.5682242990649999
8181726766.jpg,0.406163366337
5257307362.jpg,0.442212389381
9945099433.jpg,0.5043292682930001
10371125786.jpg,0.382451456311
3025565947.jpg,0.7327564102559999
432860543.jpg,0.840347222222
8667761330.jpg,0.644955357143
7919270808.jpg,0.392828947368
10968711744.jpg,0.783793103448
9458038705.jpg,0.583080357143
8035433785.jpg,0.7434999999999999
4631127472.jpg,0.45504587156
6468297341.jpg,0.567923728814
5170785709.jpg,0.655212264151
4719295519.jpg,0.493108108108
4488491323.jpg,0.374932432432
5646738672.jpg,0.621383928571
2233947320.jpg,0.45933035714299997
8239827069.jpg,0.5820000000000001
6520839597.jpg,0.5750210084030001
6849693569.jpg,0.7153378378380001
8702530063.jpg,0.688252212389
9668766101.jpg,0.28975
6931269556.jpg,0.6082983193279999
8261560586.jpg,0.654668141593
8270913623.jpg,0.62425
1820291567.jpg,0.269978991597
4985988258.jpg,0.556995798319
8506145736.jpg,0.33852678571399997
10187522803.jpg,0.6846017699120001
7219282312.jpg,0.554639830508
3586744131.jpg,0.7372478991600001
8354479425.jpg,0.46635135135100003
5058312922.jpg,0.571891891892
9877013785.jpg,0.691491596639
9439720567.jpg,0.66342920354
9141646333.jpg,0.351987179487
139253033.jpg,0.3090625
7672860636.jpg,0.5637019230770001
1558503807.jpg,0.586728971963
3612174577.jpg,0.34233490566
510686957.jpg,0.581607142857
497163401.jpg,0.737118644068
8212081020.jpg,0.47200000000000003
7304709380.jpg,0.7735141509429999
8896534535.jpg,0.636440677966
930643510.jpg,0.24114864864899999
4769301151.jpg,0.358679245283
9304089120.jpg,0.755446428571
7460698156.jpg,0.715913043478
6576807711.jpg,0.7675652173909999
1101948952.jpg,0.751743119266
10921653346.jpg,0.796176470588
4413028246.jpg,0.703445945946
10031298826.jpg,0.505681818182
6641523883.jpg,0.647565789474
5179986164.jpg,0.509805825243
396221760.jpg,0.615948275862
3767341492.jpg,0.35275
6911586648.jpg,0.298013392857
6445980191.jpg,0.638109243697
3908763168.jpg,0.732787610619
46667675.jpg,0.418340336134
6320692581.jpg,0.7449311926609999
27896611.jpg,0.560705128205
4906902596.jpg,0.615723684211
9700041426.jpg,0.707283653846
7590781464.jpg,0.7464449541279999
5588623277.jpg,0.7604326923079999
11439591215.jpg,0.311736111111
4925167261.jpg,0.6096848739499999
9164359125.jpg,0.636388888889
6115396985.jpg,0.707087155963
9623701556.jpg,0.723296460177
6190643783.jpg,0.7160625
9602489525.jpg,0.5533620689659999
8142580716.jpg,0.501413043478
